"Country","GTMI","Outcome_Score","ID4D","Open Gov","e-Serv","Enablers","Infra_Score","Blockchain_Readiness_Tier"
"Chile",0.754277277708246,3,NA,NA,NA,"-",0,"Tier 3 - Infrastructure & Legal Prep Needed"
"Malawi",0.28364580726835,NA,NA,NA,"1, 2","-",0,"Tier 3 - Infrastructure & Legal Prep Needed"
"Turkiye",NA,4,NA,NA,NA,"-",0,"Tier 3 - Infrastructure & Legal Prep Needed"
"Mozambique",0.353283612037892,NA,NA,NA,"1, 5","-",0,"Tier 3 - Infrastructure & Legal Prep Needed"
"Bosnia and Herzegovina",0.271207474932675,3,NA,NA,NA,"-",0,"Tier 3 - Infrastructure & Legal Prep Needed"
"India",0.940032733548006,3,NA,NA,NA,"-",0,"Tier 3 - Infrastructure & Legal Prep Needed"
"Lao People's Democratic Republic",NA,3.5,NA,NA,NA,"-",0,"Tier 3 - Infrastructure & Legal Prep Needed"
"Croatia",0.76083236614908,2,NA,NA,NA,"-",0,"Tier 3 - Infrastructure & Legal Prep Needed"
"Cote d'Ivoire",NA,2.5,NA,NA,NA,"-",0,"Tier 3 - Infrastructure & Legal Prep Needed"
"Bulgaria",0.681322671641282,2.5,NA,NA,NA,"-",0,"Tier 3 - Infrastructure & Legal Prep Needed"
"Brazil",0.97496842161627,3,NA,NA,NA,"-",0,"Tier 3 - Infrastructure & Legal Prep Needed"
"Tunisia",0.688200083638771,3,NA,NA,NA,"-",0,"Tier 3 - Infrastructure & Legal Prep Needed"
"Morocco",0.61316636443368,3,NA,NA,NA,"-",0,"Tier 3 - Infrastructure & Legal Prep Needed"
"Latvia",0.85620326480539,3.5,NA,NA,NA,"-",0,"Tier 3 - Infrastructure & Legal Prep Needed"
"Bulgaria",0.681322671641282,3.5,NA,NA,NA,"-",0,"Tier 3 - Infrastructure & Legal Prep Needed"
"Guatemala",0.632129931722992,2.5,NA,NA,NA,"-",0,"Tier 3 - Infrastructure & Legal Prep Needed"
"Zambia",0.553708851048186,2,NA,NA,NA,"-",0,"Tier 3 - Infrastructure & Legal Prep Needed"
"Yemen, Republic of",NA,NA,NA,NA,NA,"-",0,"Tier 3 - Infrastructure & Legal Prep Needed"
"Dominican Republic",0.867006618001943,2.5,NA,NA,NA,"-",0,"Tier 3 - Infrastructure & Legal Prep Needed"
"Albania",0.752083775856352,3,"18",NA,NA,"-",0,"Tier 3 - Infrastructure & Legal Prep Needed"
"Argentina",0.759498291857965,2.5,NA,NA,NA,"-",0,"Tier 3 - Infrastructure & Legal Prep Needed"
"Kenya",0.745010366288012,3,NA,"1",NA,"-",0,"Tier 3 - Infrastructure & Legal Prep Needed"
"India",0.940032733548006,2,NA,NA,NA,"-",0,"Tier 3 - Infrastructure & Legal Prep Needed"
"Tajikistan",0.308631165272955,2.5,NA,NA,NA,"-",0,"Tier 3 - Infrastructure & Legal Prep Needed"
"Zambia",0.553708851048186,3,NA,NA,NA,"-",0,"Tier 3 - Infrastructure & Legal Prep Needed"
"Burundi",0.413537180362205,NA,NA,NA,NA,"-",0,"Tier 3 - Infrastructure & Legal Prep Needed"
"Cameroon",0.391652228618355,NA,NA,NA,NA,"-",0,"Tier 3 - Infrastructure & Legal Prep Needed"
"Ecuador",0.86258448423856,NA,NA,NA,NA,"-",0,"Tier 3 - Infrastructure & Legal Prep Needed"
"Egypt, Arab Republic of",NA,NA,NA,NA,NA,"-",0,"Tier 3 - Infrastructure & Legal Prep Needed"
"Kazakhstan",0.817326106481765,NA,NA,NA,NA,"-",0,"Tier 3 - Infrastructure & Legal Prep Needed"
"Mali",0.404824893200479,NA,NA,NA,NA,"-",0,"Tier 3 - Infrastructure & Legal Prep Needed"
"Nepal",0.43904698140252,NA,NA,NA,NA,"-",0,"Tier 3 - Infrastructure & Legal Prep Needed"
"Philippines",0.732639441116019,NA,NA,NA,NA,"-",0,"Tier 3 - Infrastructure & Legal Prep Needed"
"Sri Lanka",0.748944910251667,NA,NA,NA,NA,"-",0,"Tier 3 - Infrastructure & Legal Prep Needed"
"Togo",0.507519084852439,NA,NA,NA,NA,"-",0,"Tier 3 - Infrastructure & Legal Prep Needed"
"Turkiye",NA,NA,NA,NA,NA,"-",0,"Tier 3 - Infrastructure & Legal Prep Needed"
"Uzbekistan",0.813440287252948,NA,NA,NA,NA,"-",0,"Tier 3 - Infrastructure & Legal Prep Needed"
"Benin",0.678271554197272,NA,NA,NA,NA,"-",0,"Tier 3 - Infrastructure & Legal Prep Needed"
"Ethiopia",0.580268218596235,NA,NA,NA,NA,"-",0,"Tier 3 - Infrastructure & Legal Prep Needed"
"Gabon",0.136932370072473,NA,NA,NA,NA,"-",0,"Tier 3 - Infrastructure & Legal Prep Needed"
"Gambia, The",NA,NA,NA,NA,NA,"-",0,"Tier 3 - Infrastructure & Legal Prep Needed"
"Indonesia",0.816660750584133,NA,NA,NA,NA,"-",0,"Tier 3 - Infrastructure & Legal Prep Needed"
"Mongolia",0.906783067483494,NA,NA,NA,NA,"-",0,"Tier 3 - Infrastructure & Legal Prep Needed"
"Uganda",0.858406403628386,NA,NA,NA,NA,"-",0,"Tier 3 - Infrastructure & Legal Prep Needed"
"Western and Central Africa",NA,NA,NA,NA,NA,"-",0,"Tier 3 - Infrastructure & Legal Prep Needed"
"Central African Republic",0.170988886735875,NA,NA,NA,NA,"-",0,"Tier 3 - Infrastructure & Legal Prep Needed"
"Chad",0.179319037180824,NA,NA,NA,"3","Yes",1,"Tier 3 - Infrastructure & Legal Prep Needed"
"Ethiopia",0.580268218596235,NA,"3",NA,NA,"Yes",1,"Tier 3 - Infrastructure & Legal Prep Needed"
"Jordan",0.828587100420639,NA,NA,NA,"3, 6","-",0,"Tier 3 - Infrastructure & Legal Prep Needed"
"Madagascar",0.312232893134273,NA,NA,NA,"3, 6","-",0,"Tier 3 - Infrastructure & Legal Prep Needed"
"Mozambique",0.353283612037892,NA,NA,NA,"3, 6","Yes",1,"Tier 3 - Infrastructure & Legal Prep Needed"
"Azerbaijan",0.774728431062413,2.5,NA,NA,NA,"-",0,"Tier 3 - Infrastructure & Legal Prep Needed"
"Egypt, Arab Republic of",NA,1.5,NA,NA,NA,"-",0,"Tier 3 - Infrastructure & Legal Prep Needed"
"Georgia",0.608479573588428,3,NA,NA,NA,"-",0,"Tier 3 - Infrastructure & Legal Prep Needed"
"Kyrgyz Republic",0.57795635654284,3,NA,NA,NA,"-",0,"Tier 3 - Infrastructure & Legal Prep Needed"
"Nepal",0.43904698140252,2,NA,"1",NA,"-",0,"Tier 3 - Infrastructure & Legal Prep Needed"
"Ukraine",0.767508348029816,2,NA,NA,NA,"-",0,"Tier 3 - Infrastructure & Legal Prep Needed"
"Serbia",0.895237714960269,3,NA,NA,NA,"-",0,"Tier 3 - Infrastructure & Legal Prep Needed"
"Kenya",0.745010366288012,3,"14",NA,NA,"-",0,"Tier 3 - Infrastructure & Legal Prep Needed"
"Pakistan",0.534745382719011,NA,NA,NA,"3, 7, 9","Yes",1,"Tier 3 - Infrastructure & Legal Prep Needed"
"Samoa",0.278086431186653,NA,NA,NA,NA,"Yes",1,"Tier 3 - Infrastructure & Legal Prep Needed"
"Sri Lanka",0.748944910251667,1,"11",NA,NA,"Yes",1,"Tier 3 - Infrastructure & Legal Prep Needed"
"Bangladesh",0.844809871298527,2,NA,NA,NA,"Yes",1,"Tier 3 - Infrastructure & Legal Prep Needed"
"Uganda",0.858406403628386,2,NA,"1",NA,"Yes",1,"Tier 3 - Infrastructure & Legal Prep Needed"
"Cambodia",0.583949525041982,NA,NA,"2, 3","2, 9","Yes",1,"Tier 3 - Infrastructure & Legal Prep Needed"
"Pakistan",0.534745382719011,3,NA,"1",NA,"-",0,"Tier 3 - Infrastructure & Legal Prep Needed"
"South Sudan",0.130989626728085,3,NA,NA,NA,"-",0,"Tier 3 - Infrastructure & Legal Prep Needed"
"Albania",0.752083775856352,NA,NA,NA,NA,"-",0,"Tier 3 - Infrastructure & Legal Prep Needed"
"Western and Central Africa",NA,NA,NA,NA,NA,"Yes",1,"Tier 3 - Infrastructure & Legal Prep Needed"
"Albania",0.752083775856352,2,"14",NA,NA,"-",0,"Tier 3 - Infrastructure & Legal Prep Needed"
"Cote d'Ivoire",NA,2,"2",NA,NA,"-",0,"Tier 3 - Infrastructure & Legal Prep Needed"
"Nepal",0.43904698140252,1,NA,NA,NA,"-",0,"Tier 3 - Infrastructure & Legal Prep Needed"
"Solomon Islands",0.26782845043154,NA,"9, 11",NA,NA,"Yes",1,"Tier 3 - Infrastructure & Legal Prep Needed"
"Nigeria",0.504047215830608,3,NA,NA,NA,"-",0,"Tier 3 - Infrastructure & Legal Prep Needed"
"Moldova",0.800528829957522,3,NA,NA,NA,"-",0,"Tier 3 - Infrastructure & Legal Prep Needed"
"Pakistan",0.534745382719011,NA,NA,NA,NA,"-",0,"Tier 3 - Infrastructure & Legal Prep Needed"
"Central Africa",NA,0,NA,NA,NA,"-",0,"Tier 3 - Infrastructure & Legal Prep Needed"
"Panama",0.83409230466766,2,NA,NA,NA,"-",0,"Tier 3 - Infrastructure & Legal Prep Needed"
"Burkina Faso",0.638997886323705,NA,NA,NA,NA,"Yes",1,"Tier 3 - Infrastructure & Legal Prep Needed"
"Madagascar",0.312232893134273,NA,NA,NA,NA,"-",0,"Tier 3 - Infrastructure & Legal Prep Needed"
"Guyana",0.293100745977388,2,NA,NA,NA,"-",0,"Tier 3 - Infrastructure & Legal Prep Needed"
"Sri Lanka",0.748944910251667,1,NA,NA,NA,"-",0,"Tier 3 - Infrastructure & Legal Prep Needed"
"Russian Federation",0.896892633226823,3,NA,NA,NA,"-",0,"Tier 3 - Infrastructure & Legal Prep Needed"
"Philippines",0.732639441116019,3,"14",NA,NA,"-",0,"Tier 3 - Infrastructure & Legal Prep Needed"
"Brazil",0.97496842161627,2.5,"14, 18",NA,NA,"-",0,"Tier 3 - Infrastructure & Legal Prep Needed"
"South Sudan",0.130989626728085,2,"14",NA,NA,"-",0,"Tier 3 - Infrastructure & Legal Prep Needed"
"Nigeria",0.504047215830608,NA,"2, 3, 14",NA,NA,"Yes",1,"Tier 3 - Infrastructure & Legal Prep Needed"
"Africa",NA,1,NA,NA,NA,"Yes",1,"Tier 3 - Infrastructure & Legal Prep Needed"
"India",0.940032733548006,2.5,"14",NA,NA,"Yes",1,"Tier 3 - Infrastructure & Legal Prep Needed"
"Micronesia, Federated States of",NA,NA,NA,NA,NA,"Yes",1,"Tier 3 - Infrastructure & Legal Prep Needed"
"Georgia",0.608479573588428,NA,NA,"1",NA,"Yes",1,"Tier 3 - Infrastructure & Legal Prep Needed"
"Uganda",0.858406403628386,1.5,NA,NA,NA,"Yes",1,"Tier 3 - Infrastructure & Legal Prep Needed"
"Mozambique",0.353283612037892,NA,NA,NA,"1","Yes",1,"Tier 3 - Infrastructure & Legal Prep Needed"
"Congo, Democratic Republic of",NA,3,NA,NA,NA,"-",0,"Tier 3 - Infrastructure & Legal Prep Needed"
"Maldives",0.405788376350469,3,NA,NA,NA,"-",0,"Tier 3 - Infrastructure & Legal Prep Needed"
"Lao People's Democratic Republic",NA,2,NA,NA,NA,"-",0,"Tier 3 - Infrastructure & Legal Prep Needed"
"Vietnam",0.681787836069681,2,NA,NA,NA,"-",0,"Tier 3 - Infrastructure & Legal Prep Needed"
"Cameroon",0.391652228618355,0,NA,NA,NA,"-",0,"Tier 3 - Infrastructure & Legal Prep Needed"
"Guinea-Bissau",0.204479275600699,NA,NA,NA,NA,"-",0,"Tier 3 - Infrastructure & Legal Prep Needed"
"Iraq",0.207913950317101,1,NA,NA,NA,"-",0,"Tier 3 - Infrastructure & Legal Prep Needed"
"Afghanistan",0.353608391825726,2.5,NA,NA,NA,"-",0,"Tier 3 - Infrastructure & Legal Prep Needed"
"Ukraine",0.767508348029816,NA,NA,NA,NA,"-",0,"Tier 3 - Infrastructure & Legal Prep Needed"
"Timor-Leste",0.335003754770471,2,"12, 13",NA,NA,"-",0,"Tier 3 - Infrastructure & Legal Prep Needed"
"Moldova",0.800528829957522,1,NA,NA,NA,"-",0,"Tier 3 - Infrastructure & Legal Prep Needed"
"Belarus",0.406655371926127,2.5,NA,NA,NA,"-",0,"Tier 3 - Infrastructure & Legal Prep Needed"
"Central African Republic",0.170988886735875,3,NA,"3",NA,"-",0,"Tier 3 - Infrastructure & Legal Prep Needed"
"Brazil",0.97496842161627,3,NA,NA,"9","-",0,"Tier 3 - Infrastructure & Legal Prep Needed"
"Niger",0.178456422452257,NA,NA,NA,NA,"Yes",1,"Tier 3 - Infrastructure & Legal Prep Needed"
"Lao People's Democratic Republic",NA,NA,NA,NA,NA,"-",0,"Tier 3 - Infrastructure & Legal Prep Needed"
"Chile",0.754277277708246,2,NA,NA,NA,"-",0,"Tier 3 - Infrastructure & Legal Prep Needed"
"Slovak Republic",0.650486620689228,3,NA,NA,NA,"-",0,"Tier 3 - Infrastructure & Legal Prep Needed"
"Albania",0.752083775856352,2,NA,NA,NA,"-",0,"Tier 3 - Infrastructure & Legal Prep Needed"
"Tajikistan",0.308631165272955,0,NA,NA,NA,"-",0,"Tier 3 - Infrastructure & Legal Prep Needed"
"China",0.664969995523549,2.5,"12",NA,NA,"-",0,"Tier 3 - Infrastructure & Legal Prep Needed"
"Myanmar",0.21965663202105,2,"12",NA,NA,"-",0,"Tier 3 - Infrastructure & Legal Prep Needed"
"Dominican Republic",0.867006618001943,NA,NA,NA,NA,"-",0,"Tier 3 - Infrastructure & Legal Prep Needed"
"Bolivia",0.531212648655138,1,NA,NA,NA,"-",0,"Tier 3 - Infrastructure & Legal Prep Needed"
"Hungary",0.793362036183099,3,NA,NA,NA,"-",0,"Tier 3 - Infrastructure & Legal Prep Needed"
"Egypt, Arab Republic of",NA,2.5,NA,NA,NA,"-",0,"Tier 3 - Infrastructure & Legal Prep Needed"
"Pakistan",0.534745382719011,3,NA,NA,NA,"-",0,"Tier 3 - Infrastructure & Legal Prep Needed"
"Mexico",0.792193025257949,4,NA,NA,NA,"-",0,"Tier 3 - Infrastructure & Legal Prep Needed"
"Kosovo",0.633123028658095,3,"11",NA,NA,"-",0,"Tier 3 - Infrastructure & Legal Prep Needed"
"Kosovo",0.633123028658095,2,"11",NA,NA,"-",0,"Tier 3 - Infrastructure & Legal Prep Needed"
"Mauritania",0.187025782420844,NA,"11",NA,NA,"-",0,"Tier 3 - Infrastructure & Legal Prep Needed"
"China",0.664969995523549,3,NA,NA,NA,"-",0,"Tier 3 - Infrastructure & Legal Prep Needed"
"Brazil",0.97496842161627,1,NA,NA,NA,"-",0,"Tier 3 - Infrastructure & Legal Prep Needed"
"Bangladesh",0.844809871298527,NA,NA,NA,NA,"-",0,"Tier 3 - Infrastructure & Legal Prep Needed"
"Haiti",0.202317282635371,2,NA,"1",NA,"-",0,"Tier 3 - Infrastructure & Legal Prep Needed"
"Mexico",0.792193025257949,3,NA,NA,NA,"-",0,"Tier 3 - Infrastructure & Legal Prep Needed"
"Afghanistan",0.353608391825726,3,NA,NA,NA,"-",0,"Tier 3 - Infrastructure & Legal Prep Needed"
"Ecuador",0.86258448423856,3,NA,NA,NA,"-",0,"Tier 3 - Infrastructure & Legal Prep Needed"
"Georgia",0.608479573588428,1.5,NA,NA,NA,"-",0,"Tier 3 - Infrastructure & Legal Prep Needed"
"India",0.940032733548006,NA,NA,NA,NA,"Yes",1,"Tier 3 - Infrastructure & Legal Prep Needed"
"Cote d'Ivoire",NA,NA,"14",NA,NA,"-",0,"Tier 3 - Infrastructure & Legal Prep Needed"
"Burkina Faso",0.638997886323705,NA,"14",NA,NA,"-",0,"Tier 3 - Infrastructure & Legal Prep Needed"
"Iraq",0.207913950317101,NA,"13",NA,NA,"Yes",1,"Tier 3 - Infrastructure & Legal Prep Needed"
"Peru",0.878696040895879,NA,NA,"1",NA,"-",0,"Tier 3 - Infrastructure & Legal Prep Needed"
"Djibouti",0.273950297290625,NA,NA,NA,"1, 9","-",0,"Tier 3 - Infrastructure & Legal Prep Needed"
"Uganda",0.858406403628386,NA,NA,NA,"2","-",0,"Tier 3 - Infrastructure & Legal Prep Needed"
"Lao People's Democratic Republic",NA,NA,"1, 8",NA,NA,"-",0,"Tier 3 - Infrastructure & Legal Prep Needed"
"Bangladesh",0.844809871298527,3,NA,"1","1, 2, 3","-",0,"Tier 3 - Infrastructure & Legal Prep Needed"
"Mongolia",0.906783067483494,NA,NA,"2","1, 7","-",0,"Tier 3 - Infrastructure & Legal Prep Needed"
"Argentina",0.759498291857965,NA,NA,"1","9","Yes",1,"Tier 3 - Infrastructure & Legal Prep Needed"
"Mozambique",0.353283612037892,2,"14",NA,NA,"Yes",1,"Tier 3 - Infrastructure & Legal Prep Needed"
"Lao People's Democratic Republic",NA,3,NA,NA,NA,"Yes",1,"Tier 3 - Infrastructure & Legal Prep Needed"
"Romania",0.565049852646711,2.5,NA,NA,NA,"-",0,"Tier 3 - Infrastructure & Legal Prep Needed"
"Congo, Republic of",NA,0,NA,NA,NA,"-",0,"Tier 3 - Infrastructure & Legal Prep Needed"
"Bolivia",0.531212648655138,1.5,NA,NA,NA,"Yes",1,"Tier 3 - Infrastructure & Legal Prep Needed"
"Vietnam",0.681787836069681,2,"14",NA,NA,"-",0,"Tier 3 - Infrastructure & Legal Prep Needed"
"Vietnam",0.681787836069681,2,"18",NA,NA,"-",0,"Tier 3 - Infrastructure & Legal Prep Needed"
"Argentina",0.759498291857965,2,NA,NA,NA,"Yes",1,"Tier 3 - Infrastructure & Legal Prep Needed"
"Romania",0.565049852646711,2,NA,NA,NA,"Yes",1,"Tier 3 - Infrastructure & Legal Prep Needed"
"Tonga",0.322062326573106,3,NA,NA,NA,"Yes",1,"Tier 3 - Infrastructure & Legal Prep Needed"
"Honduras",0.394900630935439,3,"18",NA,NA,"-",0,"Tier 3 - Infrastructure & Legal Prep Needed"
"Guatemala",0.632129931722992,3,NA,NA,NA,"-",0,"Tier 3 - Infrastructure & Legal Prep Needed"
"India",0.940032733548006,3.5,NA,NA,NA,"-",0,"Tier 3 - Infrastructure & Legal Prep Needed"
"Bangladesh",0.844809871298527,0,NA,NA,NA,"-",0,"Tier 3 - Infrastructure & Legal Prep Needed"
"Senegal",0.32710013141293,2.5,NA,NA,NA,"-",0,"Tier 3 - Infrastructure & Legal Prep Needed"
"Slovak Republic",0.650486620689228,0.5,NA,NA,NA,"-",0,"Tier 3 - Infrastructure & Legal Prep Needed"
"Brazil",0.97496842161627,2,NA,NA,NA,"-",0,"Tier 3 - Infrastructure & Legal Prep Needed"
"Pakistan",0.534745382719011,3,NA,NA,"3","-",0,"Tier 3 - Infrastructure & Legal Prep Needed"
"Moldova",0.800528829957522,3,"13",NA,NA,"-",0,"Tier 3 - Infrastructure & Legal Prep Needed"
"Afghanistan",0.353608391825726,2,NA,NA,NA,"-",0,"Tier 3 - Infrastructure & Legal Prep Needed"
"Bulgaria",0.681322671641282,3,NA,NA,NA,"-",0,"Tier 3 - Infrastructure & Legal Prep Needed"
"Pacific Islands",NA,NA,NA,NA,NA,"-",0,"Tier 3 - Infrastructure & Legal Prep Needed"
"Vietnam",0.681787836069681,0,NA,NA,NA,"-",0,"Tier 3 - Infrastructure & Legal Prep Needed"
"Dominica",0.296452466472442,2,"11, 14","1",NA,"-",0,"Tier 3 - Infrastructure & Legal Prep Needed"
"Philippines",0.732639441116019,NA,NA,NA,NA,"Yes",1,"Tier 3 - Infrastructure & Legal Prep Needed"
"Eastern and Southern Africa",NA,2.5,NA,NA,NA,"-",0,"Tier 3 - Infrastructure & Legal Prep Needed"
"Tunisia",0.688200083638771,NA,NA,NA,"1","-",0,"Tier 3 - Infrastructure & Legal Prep Needed"
"Albania",0.752083775856352,2.5,NA,NA,NA,"-",0,"Tier 3 - Infrastructure & Legal Prep Needed"
"Croatia",0.76083236614908,2.5,NA,NA,NA,"-",0,"Tier 3 - Infrastructure & Legal Prep Needed"
"North Macedonia",0.570028526202096,2.5,NA,NA,NA,"-",0,"Tier 3 - Infrastructure & Legal Prep Needed"
"Marshall Islands",0.0696954615423355,NA,"2",NA,NA,"Yes",1,"Tier 3 - Infrastructure & Legal Prep Needed"
"Armenia",0.721991889682482,NA,NA,NA,NA,"-",0,"Tier 3 - Infrastructure & Legal Prep Needed"
"Mongolia",0.906783067483494,3,NA,NA,NA,"Yes",1,"Tier 3 - Infrastructure & Legal Prep Needed"
"Sierra Leone",0.318908909729313,NA,"14",NA,NA,"-",0,"Tier 3 - Infrastructure & Legal Prep Needed"
"Kyrgyz Republic",0.57795635654284,NA,NA,NA,NA,"Yes",1,"Tier 3 - Infrastructure & Legal Prep Needed"
"Uzbekistan",0.813440287252948,NA,NA,NA,"9","Yes",1,"Tier 3 - Infrastructure & Legal Prep Needed"
"Albania",0.752083775856352,3,NA,NA,NA,"Yes",1,"Tier 3 - Infrastructure & Legal Prep Needed"
"China",0.664969995523549,NA,NA,NA,NA,"-",0,"Tier 3 - Infrastructure & Legal Prep Needed"
"Burkina Faso",0.638997886323705,NA,NA,NA,NA,"-",0,"Tier 3 - Infrastructure & Legal Prep Needed"
"Lebanon",0.359039684257602,2,NA,NA,NA,"-",0,"Tier 3 - Infrastructure & Legal Prep Needed"
"Mongolia",0.906783067483494,2.5,"12",NA,NA,"-",0,"Tier 3 - Infrastructure & Legal Prep Needed"
"Brazil",0.97496842161627,2,NA,NA,NA,"Yes",1,"Tier 3 - Infrastructure & Legal Prep Needed"
"Kyrgyz Republic",0.57795635654284,NA,NA,NA,NA,"-",0,"Tier 3 - Infrastructure & Legal Prep Needed"
"Pakistan",0.534745382719011,1,NA,NA,NA,"-",0,"Tier 3 - Infrastructure & Legal Prep Needed"
"Chile",0.754277277708246,4,NA,NA,NA,"-",0,"Tier 3 - Infrastructure & Legal Prep Needed"
"Honduras",0.394900630935439,2,NA,NA,NA,"-",0,"Tier 3 - Infrastructure & Legal Prep Needed"
"Azerbaijan",0.774728431062413,0,NA,NA,NA,"-",0,"Tier 3 - Infrastructure & Legal Prep Needed"
"El Salvador",0.766863256793316,2,NA,NA,NA,"-",0,"Tier 3 - Infrastructure & Legal Prep Needed"
"Costa Rica",0.511716826614867,1.5,NA,NA,NA,"-",0,"Tier 3 - Infrastructure & Legal Prep Needed"
"Burundi",0.413537180362205,2,NA,NA,NA,"-",0,"Tier 3 - Infrastructure & Legal Prep Needed"
"Comoros",0.262320162471638,2.5,NA,NA,NA,"-",0,"Tier 3 - Infrastructure & Legal Prep Needed"
"Philippines",0.732639441116019,0,NA,NA,NA,"-",0,"Tier 3 - Infrastructure & Legal Prep Needed"
"Uruguay",0.861315171283139,3,NA,NA,NA,"-",0,"Tier 3 - Infrastructure & Legal Prep Needed"
"Bosnia and Herzegovina",0.271207474932675,2.5,NA,NA,NA,"-",0,"Tier 3 - Infrastructure & Legal Prep Needed"
"Panama",0.83409230466766,3,NA,NA,NA,"-",0,"Tier 3 - Infrastructure & Legal Prep Needed"
"Vietnam",0.681787836069681,3.5,NA,NA,NA,"-",0,"Tier 3 - Infrastructure & Legal Prep Needed"
"Sri Lanka",0.748944910251667,3,NA,NA,NA,"-",0,"Tier 3 - Infrastructure & Legal Prep Needed"
"Pakistan",0.534745382719011,3,"18",NA,NA,"-",0,"Tier 3 - Infrastructure & Legal Prep Needed"
"Bosnia and Herzegovina",0.271207474932675,2,NA,NA,NA,"-",0,"Tier 3 - Infrastructure & Legal Prep Needed"
"Nepal",0.43904698140252,2.5,NA,NA,NA,"-",0,"Tier 3 - Infrastructure & Legal Prep Needed"
"India",0.940032733548006,0,NA,"2",NA,"-",0,"Tier 3 - Infrastructure & Legal Prep Needed"
"Vietnam",0.681787836069681,3,NA,NA,NA,"-",0,"Tier 3 - Infrastructure & Legal Prep Needed"
"Indonesia",0.816660750584133,3,NA,NA,NA,"-",0,"Tier 3 - Infrastructure & Legal Prep Needed"
"Romania",0.565049852646711,0,"12",NA,NA,"-",0,"Tier 3 - Infrastructure & Legal Prep Needed"
"Kenya",0.745010366288012,3,NA,NA,NA,"-",0,"Tier 3 - Infrastructure & Legal Prep Needed"
"El Salvador",0.766863256793316,3,NA,NA,NA,"-",0,"Tier 3 - Infrastructure & Legal Prep Needed"
"Georgia",0.608479573588428,2.5,NA,NA,NA,"-",0,"Tier 3 - Infrastructure & Legal Prep Needed"
"Mexico",0.792193025257949,NA,NA,NA,NA,"-",0,"Tier 3 - Infrastructure & Legal Prep Needed"
"Dominican Republic",0.867006618001943,3,NA,NA,NA,"-",0,"Tier 3 - Infrastructure & Legal Prep Needed"
"Algeria",0.501913371228013,0.5,NA,NA,NA,"-",0,"Tier 3 - Infrastructure & Legal Prep Needed"
"Romania",0.565049852646711,3,"18",NA,NA,"-",0,"Tier 3 - Infrastructure & Legal Prep Needed"
"Rwanda",0.677835707381265,3,NA,NA,NA,"-",0,"Tier 3 - Infrastructure & Legal Prep Needed"
"North Macedonia",0.570028526202096,2,NA,NA,NA,"-",0,"Tier 3 - Infrastructure & Legal Prep Needed"
"Bangladesh",0.844809871298527,4,NA,NA,NA,"-",0,"Tier 3 - Infrastructure & Legal Prep Needed"
"Brazil",0.97496842161627,0,NA,NA,NA,"-",0,"Tier 3 - Infrastructure & Legal Prep Needed"
"Nigeria",0.504047215830608,2,NA,NA,NA,"-",0,"Tier 3 - Infrastructure & Legal Prep Needed"
"China",0.664969995523549,0,NA,NA,NA,"-",0,"Tier 3 - Infrastructure & Legal Prep Needed"
"Uganda",0.858406403628386,2,NA,NA,NA,"-",0,"Tier 3 - Infrastructure & Legal Prep Needed"
"India",0.940032733548006,1,NA,NA,NA,"-",0,"Tier 3 - Infrastructure & Legal Prep Needed"
"Jamaica",0.540806773115861,3,NA,NA,NA,"-",0,"Tier 3 - Infrastructure & Legal Prep Needed"
"Jordan",0.828587100420639,2,NA,NA,NA,"-",0,"Tier 3 - Infrastructure & Legal Prep Needed"
"Lesotho",0.385230257412998,2,NA,NA,NA,"-",0,"Tier 3 - Infrastructure & Legal Prep Needed"
"Malawi",0.28364580726835,2,NA,NA,NA,"-",0,"Tier 3 - Infrastructure & Legal Prep Needed"
"Chad",0.179319037180824,0.5,NA,NA,NA,"-",0,"Tier 3 - Infrastructure & Legal Prep Needed"
"Armenia",0.721991889682482,2,NA,NA,"2, 5","-",0,"Tier 3 - Infrastructure & Legal Prep Needed"
"Moldova",0.800528829957522,2.5,NA,NA,NA,"-",0,"Tier 3 - Infrastructure & Legal Prep Needed"
"Tanzania",0.860317002583886,2,NA,NA,NA,"-",0,"Tier 3 - Infrastructure & Legal Prep Needed"
"Kazakhstan",0.817326106481765,3,NA,NA,NA,"-",0,"Tier 3 - Infrastructure & Legal Prep Needed"
"Mauritania",0.187025782420844,3,"14",NA,NA,"-",0,"Tier 3 - Infrastructure & Legal Prep Needed"
"Ghana",0.534328332320798,2,NA,NA,NA,"-",0,"Tier 3 - Infrastructure & Legal Prep Needed"
"Bangladesh",0.844809871298527,NA,NA,NA,NA,"Yes",1,"Tier 3 - Infrastructure & Legal Prep Needed"
"Cameroon",0.391652228618355,NA,NA,NA,"1, 2, 3, 9","Yes",1,"Tier 3 - Infrastructure & Legal Prep Needed"
"Kosovo",0.633123028658095,NA,NA,NA,NA,"Yes",1,"Tier 3 - Infrastructure & Legal Prep Needed"
"Pakistan",0.534745382719011,NA,NA,"1, 2","4","Yes",1,"Tier 3 - Infrastructure & Legal Prep Needed"
"Malawi",0.28364580726835,NA,NA,NA,NA,"Yes",1,"Tier 3 - Infrastructure & Legal Prep Needed"
"Rwanda",0.677835707381265,NA,"1, 2, 3, 7","2","3, 5","Yes",1,"Tier 3 - Infrastructure & Legal Prep Needed"
"Tanzania",0.860317002583886,NA,NA,NA,NA,"Yes",1,"Tier 3 - Infrastructure & Legal Prep Needed"
"Tajikistan",0.308631165272955,NA,NA,NA,"8, 9","Yes",1,"Tier 3 - Infrastructure & Legal Prep Needed"
"Nigeria",0.504047215830608,NA,NA,NA,NA,"-",0,"Tier 3 - Infrastructure & Legal Prep Needed"
"Ghana",0.534328332320798,NA,NA,"1","1","-",0,"Tier 3 - Infrastructure & Legal Prep Needed"
"Bangladesh",0.844809871298527,NA,NA,NA,"8, 9","Yes",1,"Tier 3 - Infrastructure & Legal Prep Needed"
"Ethiopia",0.580268218596235,NA,"14",NA,"3","Yes",1,"Tier 3 - Infrastructure & Legal Prep Needed"
"North Macedonia",0.570028526202096,NA,"14",NA,NA,"-",0,"Tier 3 - Infrastructure & Legal Prep Needed"
"Caribbean",NA,NA,NA,NA,"1","-",0,"Tier 3 - Infrastructure & Legal Prep Needed"
"Djibouti",0.273950297290625,NA,NA,NA,NA,"Yes",1,"Tier 3 - Infrastructure & Legal Prep Needed"
"Congo, Republic of",NA,NA,"1, 2",NA,"4, 7, 8, 9","Yes",1,"Tier 3 - Infrastructure & Legal Prep Needed"
"St. Maarten",NA,NA,"2",NA,"12","Yes",1,"Tier 3 - Infrastructure & Legal Prep Needed"
"Sao Tome and Principe",NA,NA,"2, 3","1","7","Yes",1,"Tier 3 - Infrastructure & Legal Prep Needed"
"Togo",0.507519084852439,NA,NA,NA,"7","-",0,"Tier 3 - Infrastructure & Legal Prep Needed"
"Uganda",0.858406403628386,NA,"14",NA,"1, 9","Yes",1,"Tier 3 - Infrastructure & Legal Prep Needed"
"Somalia",0.265143597718453,NA,"3",NA,NA,"-",0,"Tier 3 - Infrastructure & Legal Prep Needed"
"Cabo Verde",0.822009241543575,NA,NA,NA,"8","Yes",1,"Tier 3 - Infrastructure & Legal Prep Needed"
"Haiti",0.202317282635371,NA,NA,NA,"6, 9","Yes",1,"Tier 3 - Infrastructure & Legal Prep Needed"
"Guinea-Bissau",0.204479275600699,NA,NA,"3",NA,"Yes",1,"Tier 3 - Infrastructure & Legal Prep Needed"
"West Bank and Gaza",0.391910611763981,NA,NA,"1","1","Yes",1,"Tier 3 - Infrastructure & Legal Prep Needed"
"Central African Republic",0.170988886735875,NA,NA,NA,NA,"Yes",1,"Tier 3 - Infrastructure & Legal Prep Needed"
"Somalia",0.265143597718453,NA,"13",NA,"8","Yes",1,"Tier 3 - Infrastructure & Legal Prep Needed"
"Ethiopia",0.580268218596235,NA,"14",NA,NA,"-",0,"Tier 3 - Infrastructure & Legal Prep Needed"
"Morocco",0.61316636443368,2,NA,NA,NA,"-",0,"Tier 3 - Infrastructure & Legal Prep Needed"
"Lebanon",0.359039684257602,1,NA,NA,NA,"-",0,"Tier 3 - Infrastructure & Legal Prep Needed"
"Jamaica",0.540806773115861,2.5,NA,NA,NA,"-",0,"Tier 3 - Infrastructure & Legal Prep Needed"
"Colombia",0.863804323948399,3,NA,NA,NA,"-",0,"Tier 3 - Infrastructure & Legal Prep Needed"
"Mauritania",0.187025782420844,NA,NA,NA,NA,"-",0,"Tier 3 - Infrastructure & Legal Prep Needed"
"Tanzania",0.860317002583886,NA,NA,NA,NA,"-",0,"Tier 3 - Infrastructure & Legal Prep Needed"
"Tunisia",0.688200083638771,NA,NA,NA,NA,"-",0,"Tier 3 - Infrastructure & Legal Prep Needed"
"Mauritania",0.187025782420844,2,NA,NA,NA,"-",0,"Tier 3 - Infrastructure & Legal Prep Needed"
"Guatemala",0.632129931722992,2,NA,NA,NA,"-",0,"Tier 3 - Infrastructure & Legal Prep Needed"
"Brazil",0.97496842161627,1,NA,NA,"1","-",0,"Tier 3 - Infrastructure & Legal Prep Needed"
"Uruguay",0.861315171283139,NA,NA,NA,NA,"-",0,"Tier 3 - Infrastructure & Legal Prep Needed"
"Vietnam",0.681787836069681,NA,NA,NA,"2","-",0,"Tier 3 - Infrastructure & Legal Prep Needed"
"Moldova",0.800528829957522,NA,NA,NA,"1","-",0,"Tier 3 - Infrastructure & Legal Prep Needed"
"Angola",0.446879081262799,NA,NA,NA,NA,"Yes",1,"Tier 3 - Infrastructure & Legal Prep Needed"
"Rwanda",0.677835707381265,NA,NA,NA,"2","Yes",1,"Tier 3 - Infrastructure & Legal Prep Needed"
"Nigeria",0.504047215830608,3,"12",NA,NA,"-",0,"Tier 3 - Infrastructure & Legal Prep Needed"
"Senegal",0.32710013141293,NA,NA,NA,NA,"-",0,"Tier 3 - Infrastructure & Legal Prep Needed"
"Brazil",0.97496842161627,NA,NA,NA,NA,"Yes",1,"Tier 3 - Infrastructure & Legal Prep Needed"
"Kazakhstan",0.817326106481765,NA,NA,"9",NA,"-",0,"Tier 3 - Infrastructure & Legal Prep Needed"
"Cote d'Ivoire",NA,3.5,NA,NA,NA,"-",0,"Tier 3 - Infrastructure & Legal Prep Needed"
"Peru",0.878696040895879,4,NA,NA,NA,"-",0,"Tier 3 - Infrastructure & Legal Prep Needed"
"Kosovo",0.633123028658095,2.5,NA,NA,NA,"Yes",1,"Tier 3 - Infrastructure & Legal Prep Needed"
"Indonesia",0.816660750584133,2,NA,NA,NA,"-",0,"Tier 3 - Infrastructure & Legal Prep Needed"
"Congo, Democratic Republic of",NA,2,"15, 16",NA,NA,"-",0,"Tier 3 - Infrastructure & Legal Prep Needed"
"Romania",0.565049852646711,3,"16",NA,NA,"-",0,"Tier 3 - Infrastructure & Legal Prep Needed"
"Uruguay",0.861315171283139,NA,NA,NA,"1, 2, 9","-",0,"Tier 3 - Infrastructure & Legal Prep Needed"
"Romania",0.565049852646711,2.5,NA,NA,"1, 2, 3","-",0,"Tier 3 - Infrastructure & Legal Prep Needed"
"Tanzania",0.860317002583886,1.5,NA,NA,"1","-",0,"Tier 3 - Infrastructure & Legal Prep Needed"
"Argentina",0.759498291857965,2,NA,NA,"1, 2, 3","Yes",1,"Tier 3 - Infrastructure & Legal Prep Needed"
"India",0.940032733548006,3,NA,NA,"1, 2, 3, 4","-",0,"Tier 3 - Infrastructure & Legal Prep Needed"
"Argentina",0.759498291857965,1.5,"12, 14",NA,"1","-",0,"Tier 3 - Infrastructure & Legal Prep Needed"
"Chile",0.754277277708246,2.5,NA,NA,"1","-",0,"Tier 3 - Infrastructure & Legal Prep Needed"
"Burkina Faso",0.638997886323705,NA,NA,"2","1","-",0,"Tier 3 - Infrastructure & Legal Prep Needed"
"Bangladesh",0.844809871298527,NA,NA,NA,"0, 9","-",0,"Tier 3 - Infrastructure & Legal Prep Needed"
"Belarus",0.406655371926127,NA,NA,NA,"2","Yes",1,"Tier 3 - Infrastructure & Legal Prep Needed"
"Western and Central Africa",NA,NA,"7",NA,"10","-",0,"Tier 3 - Infrastructure & Legal Prep Needed"
"Azerbaijan",0.774728431062413,NA,NA,NA,NA,"-",0,"Tier 3 - Infrastructure & Legal Prep Needed"
"Indonesia",0.816660750584133,NA,"2, 3, 7",NA,"9","-",0,"Tier 3 - Infrastructure & Legal Prep Needed"
"Indonesia",0.816660750584133,NA,NA,NA,NA,"Yes",1,"Tier 3 - Infrastructure & Legal Prep Needed"
"Ethiopia",0.580268218596235,NA,NA,NA,NA,"Yes",1,"Tier 3 - Infrastructure & Legal Prep Needed"
"Nigeria",0.504047215830608,NA,"1, 2","9","1","-",0,"Tier 3 - Infrastructure & Legal Prep Needed"
"Eswatini",0.393594530229551,NA,NA,NA,NA,"-",0,"Tier 3 - Infrastructure & Legal Prep Needed"
"Pakistan",0.534745382719011,NA,NA,NA,"1, 2, 5","Yes",1,"Tier 3 - Infrastructure & Legal Prep Needed"
"Indonesia",0.816660750584133,2.5,NA,NA,NA,"-",0,"Tier 3 - Infrastructure & Legal Prep Needed"
"Belarus",0.406655371926127,NA,NA,NA,NA,"-",0,"Tier 3 - Infrastructure & Legal Prep Needed"
"Benin",0.678271554197272,1,NA,NA,NA,"-",0,"Tier 3 - Infrastructure & Legal Prep Needed"
"Cameroon",0.391652228618355,2,NA,NA,NA,"-",0,"Tier 3 - Infrastructure & Legal Prep Needed"
"Cote d'Ivoire",NA,NA,NA,NA,NA,"-",0,"Tier 3 - Infrastructure & Legal Prep Needed"
"Georgia",0.608479573588428,NA,NA,NA,NA,"-",0,"Tier 3 - Infrastructure & Legal Prep Needed"
"Ghana",0.534328332320798,2.5,NA,NA,NA,"-",0,"Tier 3 - Infrastructure & Legal Prep Needed"
"Kosovo",0.633123028658095,2,NA,NA,NA,"-",0,"Tier 3 - Infrastructure & Legal Prep Needed"
"Madagascar",0.312232893134273,1.5,NA,NA,NA,"-",0,"Tier 3 - Infrastructure & Legal Prep Needed"
"Mali",0.404824893200479,3,NA,NA,NA,"-",0,"Tier 3 - Infrastructure & Legal Prep Needed"
"Mozambique",0.353283612037892,3,NA,NA,NA,"-",0,"Tier 3 - Infrastructure & Legal Prep Needed"
"Niger",0.178456422452257,2,NA,NA,NA,"-",0,"Tier 3 - Infrastructure & Legal Prep Needed"
"Sudan",0.221986140895381,3,NA,NA,NA,"-",0,"Tier 3 - Infrastructure & Legal Prep Needed"
"Zambia",0.553708851048186,NA,NA,NA,NA,"-",0,"Tier 3 - Infrastructure & Legal Prep Needed"
"Georgia",0.608479573588428,2,NA,NA,NA,"-",0,"Tier 3 - Infrastructure & Legal Prep Needed"
"Bangladesh",0.844809871298527,3,NA,NA,NA,"-",0,"Tier 3 - Infrastructure & Legal Prep Needed"
"Grenada",0.257080126253799,2,NA,NA,NA,"-",0,"Tier 3 - Infrastructure & Legal Prep Needed"
"Hungary",0.793362036183099,2,NA,NA,NA,"-",0,"Tier 3 - Infrastructure & Legal Prep Needed"
"India",0.940032733548006,0.5,NA,NA,NA,"-",0,"Tier 3 - Infrastructure & Legal Prep Needed"
"Serbia",0.895237714960269,2,NA,NA,NA,"-",0,"Tier 3 - Infrastructure & Legal Prep Needed"
"Sierra Leone",0.318908909729313,2,NA,NA,NA,"-",0,"Tier 3 - Infrastructure & Legal Prep Needed"
"Uruguay",0.861315171283139,2,NA,NA,NA,"-",0,"Tier 3 - Infrastructure & Legal Prep Needed"
"Pakistan",0.534745382719011,2,NA,NA,NA,"-",0,"Tier 3 - Infrastructure & Legal Prep Needed"
"Kosovo",0.633123028658095,2.5,NA,NA,NA,"-",0,"Tier 3 - Infrastructure & Legal Prep Needed"
"Congo, Republic of",NA,2,NA,NA,NA,"-",0,"Tier 3 - Infrastructure & Legal Prep Needed"
"Kenya",0.745010366288012,0,NA,NA,NA,"-",0,"Tier 3 - Infrastructure & Legal Prep Needed"
"Philippines",0.732639441116019,2,NA,NA,NA,"-",0,"Tier 3 - Infrastructure & Legal Prep Needed"
"Burkina Faso",0.638997886323705,2.5,NA,NA,NA,"-",0,"Tier 3 - Infrastructure & Legal Prep Needed"
"Armenia",0.721991889682482,2.5,NA,NA,NA,"-",0,"Tier 3 - Infrastructure & Legal Prep Needed"
"Chile",0.754277277708246,2.5,NA,NA,NA,"-",0,"Tier 3 - Infrastructure & Legal Prep Needed"
"Mauritania",0.187025782420844,3,"15, 16",NA,NA,"-",0,"Tier 3 - Infrastructure & Legal Prep Needed"
"Mali",0.404824893200479,1.5,NA,NA,NA,"-",0,"Tier 3 - Infrastructure & Legal Prep Needed"
"Albania",0.752083775856352,1.5,NA,NA,NA,"-",0,"Tier 3 - Infrastructure & Legal Prep Needed"
"Nepal",0.43904698140252,3,NA,"1",NA,"-",0,"Tier 3 - Infrastructure & Legal Prep Needed"
"Azerbaijan",0.774728431062413,0.5,NA,NA,NA,"-",0,"Tier 3 - Infrastructure & Legal Prep Needed"
"Senegal",0.32710013141293,2,NA,NA,NA,"-",0,"Tier 3 - Infrastructure & Legal Prep Needed"
"Guyana",0.293100745977388,3,NA,NA,NA,"-",0,"Tier 3 - Infrastructure & Legal Prep Needed"
"Costa Rica",0.511716826614867,3,NA,NA,NA,"-",0,"Tier 3 - Infrastructure & Legal Prep Needed"
"Angola",0.446879081262799,2,NA,NA,NA,"-",0,"Tier 3 - Infrastructure & Legal Prep Needed"
"Jamaica",0.540806773115861,2,NA,NA,NA,"-",0,"Tier 3 - Infrastructure & Legal Prep Needed"
"Yemen, Republic of",NA,3,NA,NA,NA,"-",0,"Tier 3 - Infrastructure & Legal Prep Needed"
"Paraguay",0.748041036713622,1,"16",NA,NA,"-",0,"Tier 3 - Infrastructure & Legal Prep Needed"
"Mauritania",0.187025782420844,0.5,"16",NA,"1","-",0,"Tier 3 - Infrastructure & Legal Prep Needed"
"Croatia",0.76083236614908,1,NA,NA,NA,"-",0,"Tier 3 - Infrastructure & Legal Prep Needed"
"Bhutan",0.595256920486605,2.5,NA,NA,NA,"-",0,"Tier 3 - Infrastructure & Legal Prep Needed"
"Lithuania",0.918371123230167,3,NA,NA,NA,"-",0,"Tier 3 - Infrastructure & Legal Prep Needed"
"Mexico",0.792193025257949,2,NA,NA,NA,"-",0,"Tier 3 - Infrastructure & Legal Prep Needed"
"Sao Tome and Principe",NA,2,NA,NA,NA,"-",0,"Tier 3 - Infrastructure & Legal Prep Needed"
"Nigeria",0.504047215830608,1.5,NA,NA,NA,"-",0,"Tier 3 - Infrastructure & Legal Prep Needed"
"Lesotho",0.385230257412998,1.5,NA,NA,NA,"-",0,"Tier 3 - Infrastructure & Legal Prep Needed"
"St. Lucia",0.50290899129284,2,NA,NA,NA,"-",0,"Tier 3 - Infrastructure & Legal Prep Needed"
"Afghanistan",0.353608391825726,1.5,NA,NA,NA,"-",0,"Tier 3 - Infrastructure & Legal Prep Needed"
"Lao People's Democratic Republic",NA,2.5,NA,NA,NA,"-",0,"Tier 3 - Infrastructure & Legal Prep Needed"
"Ethiopia",0.580268218596235,2.5,NA,NA,NA,"-",0,"Tier 3 - Infrastructure & Legal Prep Needed"
"Bolivia",0.531212648655138,2,NA,NA,NA,"-",0,"Tier 3 - Infrastructure & Legal Prep Needed"
"North Macedonia",0.570028526202096,2,"16",NA,NA,"-",0,"Tier 3 - Infrastructure & Legal Prep Needed"
"Eritrea",0.0493876979054564,1,NA,NA,NA,"-",0,"Tier 3 - Infrastructure & Legal Prep Needed"
"St. Vincent and the Grenadines",0.344834064433552,2.5,NA,NA,NA,"-",0,"Tier 3 - Infrastructure & Legal Prep Needed"
"Bangladesh",0.844809871298527,2.5,NA,NA,NA,"-",0,"Tier 3 - Infrastructure & Legal Prep Needed"
"Cameroon",0.391652228618355,1,NA,NA,NA,"-",0,"Tier 3 - Infrastructure & Legal Prep Needed"
"Tunisia",0.688200083638771,2.5,NA,NA,NA,"-",0,"Tier 3 - Infrastructure & Legal Prep Needed"
"Nicaragua",0.324368283276964,3,NA,NA,NA,"-",0,"Tier 3 - Infrastructure & Legal Prep Needed"
"Gambia, The",NA,3,"16",NA,NA,"-",0,"Tier 3 - Infrastructure & Legal Prep Needed"
"Guyana",0.293100745977388,NA,"16",NA,NA,"-",0,"Tier 3 - Infrastructure & Legal Prep Needed"
"Azerbaijan",0.774728431062413,2,"16",NA,NA,"-",0,"Tier 3 - Infrastructure & Legal Prep Needed"
"Ghana",0.534328332320798,1,NA,NA,NA,"-",0,"Tier 3 - Infrastructure & Legal Prep Needed"
"Armenia",0.721991889682482,4,NA,NA,NA,"-",0,"Tier 3 - Infrastructure & Legal Prep Needed"
"Armenia",0.721991889682482,2,NA,NA,NA,"-",0,"Tier 3 - Infrastructure & Legal Prep Needed"
"Malawi",0.28364580726835,3,NA,NA,"10","-",0,"Tier 3 - Infrastructure & Legal Prep Needed"
"Congo, Republic of",NA,NA,NA,NA,NA,"-",0,"Tier 3 - Infrastructure & Legal Prep Needed"
"Mali",0.404824893200479,2,NA,NA,NA,"-",0,"Tier 3 - Infrastructure & Legal Prep Needed"
"Uzbekistan",0.813440287252948,NA,NA,NA,NA,"Yes",1,"Tier 3 - Infrastructure & Legal Prep Needed"
"West Bank and Gaza",0.391910611763981,NA,NA,NA,NA,"Yes",1,"Tier 3 - Infrastructure & Legal Prep Needed"
"Guinea-Bissau",0.204479275600699,3,NA,NA,NA,"-",0,"Tier 3 - Infrastructure & Legal Prep Needed"
"Pakistan",0.534745382719011,2,"19",NA,NA,"-",0,"Tier 3 - Infrastructure & Legal Prep Needed"
"India",0.940032733548006,NA,NA,NA,"1","-",0,"Tier 3 - Infrastructure & Legal Prep Needed"
"Lebanon",0.359039684257602,NA,NA,NA,NA,"-",0,"Tier 3 - Infrastructure & Legal Prep Needed"
"Bangladesh",0.844809871298527,2,NA,NA,NA,"-",0,"Tier 3 - Infrastructure & Legal Prep Needed"
"Armenia",0.721991889682482,3,NA,NA,NA,"-",0,"Tier 3 - Infrastructure & Legal Prep Needed"
"India",0.940032733548006,NA,NA,NA,NA,"-",0,"Tier 3 - Infrastructure & Legal Prep Needed"
"Nicaragua",0.324368283276964,1,"13",NA,NA,"-",0,"Tier 3 - Infrastructure & Legal Prep Needed"
"Pakistan",0.534745382719011,NA,NA,NA,"1","-",0,"Tier 3 - Infrastructure & Legal Prep Needed"
"Bolivia",0.531212648655138,0.5,NA,NA,NA,"-",0,"Tier 3 - Infrastructure & Legal Prep Needed"
"Iraq",0.207913950317101,NA,NA,"3",NA,"-",0,"Tier 3 - Infrastructure & Legal Prep Needed"
"Moldova",0.800528829957522,NA,NA,NA,"0, 9","Yes",1,"Tier 3 - Infrastructure & Legal Prep Needed"
"Guinea-Bissau",0.204479275600699,1,NA,NA,NA,"-",0,"Tier 3 - Infrastructure & Legal Prep Needed"
"Indonesia",0.816660750584133,1.5,NA,NA,NA,"-",0,"Tier 3 - Infrastructure & Legal Prep Needed"
"Uganda",0.858406403628386,3,NA,NA,NA,"-",0,"Tier 3 - Infrastructure & Legal Prep Needed"
"Georgia",0.608479573588428,0,NA,NA,NA,"-",0,"Tier 3 - Infrastructure & Legal Prep Needed"
"Latvia",0.85620326480539,3,NA,NA,NA,"-",0,"Tier 3 - Infrastructure & Legal Prep Needed"
"Moldova",0.800528829957522,2,NA,NA,NA,"-",0,"Tier 3 - Infrastructure & Legal Prep Needed"
"Cote d'Ivoire",NA,0,NA,NA,NA,"-",0,"Tier 3 - Infrastructure & Legal Prep Needed"
"Bulgaria",0.681322671641282,0,NA,NA,NA,"-",0,"Tier 3 - Infrastructure & Legal Prep Needed"
"Madagascar",0.312232893134273,2.5,NA,NA,NA,"-",0,"Tier 3 - Infrastructure & Legal Prep Needed"
"Nigeria",0.504047215830608,NA,"14",NA,NA,"-",0,"Tier 3 - Infrastructure & Legal Prep Needed"
"Peru",0.878696040895879,NA,NA,NA,NA,"-",0,"Tier 3 - Infrastructure & Legal Prep Needed"
"Haiti",0.202317282635371,3,NA,NA,NA,"-",0,"Tier 3 - Infrastructure & Legal Prep Needed"
"Albania",0.752083775856352,1,NA,NA,NA,"Yes",1,"Tier 3 - Infrastructure & Legal Prep Needed"
"Kenya",0.745010366288012,1.5,NA,NA,NA,"-",0,"Tier 3 - Infrastructure & Legal Prep Needed"
"Pakistan",0.534745382719011,3.5,"2, 14",NA,NA,"-",0,"Tier 3 - Infrastructure & Legal Prep Needed"
"Niger",0.178456422452257,3,NA,NA,NA,"-",0,"Tier 3 - Infrastructure & Legal Prep Needed"
"Brazil",0.97496842161627,2.5,NA,NA,NA,"-",0,"Tier 3 - Infrastructure & Legal Prep Needed"
"Bangladesh",0.844809871298527,1.5,NA,NA,NA,"Yes",1,"Tier 3 - Infrastructure & Legal Prep Needed"
"Colombia",0.863804323948399,2.5,NA,NA,NA,"-",0,"Tier 3 - Infrastructure & Legal Prep Needed"
"North Macedonia",0.570028526202096,3,NA,NA,NA,"-",0,"Tier 3 - Infrastructure & Legal Prep Needed"
"Western and Central Africa",NA,2,NA,NA,NA,"-",0,"Tier 3 - Infrastructure & Legal Prep Needed"
"Ghana",0.534328332320798,NA,NA,NA,NA,"-",0,"Tier 3 - Infrastructure & Legal Prep Needed"
"Jordan",0.828587100420639,NA,NA,NA,NA,"-",0,"Tier 3 - Infrastructure & Legal Prep Needed"
"Congo, Democratic Republic of",NA,NA,"13",NA,NA,"-",0,"Tier 3 - Infrastructure & Legal Prep Needed"
"Russian Federation",0.896892633226823,3,NA,NA,NA,"Yes",1,"Tier 3 - Infrastructure & Legal Prep Needed"
"China",0.664969995523549,4,NA,NA,"1","Yes",1,"Tier 3 - Infrastructure & Legal Prep Needed"
"India",0.940032733548006,NA,NA,NA,"2","-",0,"Tier 3 - Infrastructure & Legal Prep Needed"
"Serbia",0.895237714960269,NA,NA,NA,NA,"-",0,"Tier 3 - Infrastructure & Legal Prep Needed"
"Liberia",0.211093795336152,NA,"1, 12, 19",NA,"4","Yes",1,"Tier 3 - Infrastructure & Legal Prep Needed"
"Nigeria",0.504047215830608,3,"5, 11, 19",NA,"1, 10","-",0,"Tier 3 - Infrastructure & Legal Prep Needed"
"Guinea",0.147269225121775,NA,NA,NA,"9","-",0,"Tier 3 - Infrastructure & Legal Prep Needed"
"Congo, Democratic Republic of",NA,NA,NA,NA,NA,"-",0,"Tier 3 - Infrastructure & Legal Prep Needed"
"Nigeria",0.504047215830608,NA,"19",NA,"10","-",0,"Tier 3 - Infrastructure & Legal Prep Needed"
"Western and Central Africa",NA,2,NA,NA,NA,"Yes",1,"Tier 3 - Infrastructure & Legal Prep Needed"
"Africa",NA,3.5,NA,NA,NA,"Yes",1,"Tier 3 - Infrastructure & Legal Prep Needed"
"Western and Central Africa",NA,2.5,NA,NA,NA,"Yes",1,"Tier 3 - Infrastructure & Legal Prep Needed"
"Micronesia, Federated States of",NA,NA,NA,NA,NA,"-",0,"Tier 3 - Infrastructure & Legal Prep Needed"
"Armenia",0.721991889682482,3,NA,NA,"8","Yes",1,"Tier 3 - Infrastructure & Legal Prep Needed"
"Kenya",0.745010366288012,1,NA,NA,NA,"-",0,"Tier 3 - Infrastructure & Legal Prep Needed"
"Sierra Leone",0.318908909729313,NA,NA,NA,"2","-",0,"Tier 3 - Infrastructure & Legal Prep Needed"
"Malawi",0.28364580726835,0,NA,NA,NA,"-",0,"Tier 3 - Infrastructure & Legal Prep Needed"
"Kenya",0.745010366288012,2,NA,NA,NA,"-",0,"Tier 3 - Infrastructure & Legal Prep Needed"
"Uganda",0.858406403628386,2.5,NA,NA,NA,"-",0,"Tier 3 - Infrastructure & Legal Prep Needed"
"Maldives",0.405788376350469,2.5,NA,NA,NA,"-",0,"Tier 3 - Infrastructure & Legal Prep Needed"
"Mexico",0.792193025257949,0.5,NA,NA,NA,"-",0,"Tier 3 - Infrastructure & Legal Prep Needed"
"West Bank and Gaza",0.391910611763981,2,NA,NA,NA,"-",0,"Tier 3 - Infrastructure & Legal Prep Needed"
"Vietnam",0.681787836069681,4,NA,NA,NA,"-",0,"Tier 3 - Infrastructure & Legal Prep Needed"
"Gambia, The",NA,NA,NA,NA,NA,"Yes",1,"Tier 3 - Infrastructure & Legal Prep Needed"
"Lao People's Democratic Republic",NA,3,"2, 14",NA,NA,"-",0,"Tier 3 - Infrastructure & Legal Prep Needed"
"Kenya",0.745010366288012,1.5,"12, 13",NA,NA,"-",0,"Tier 3 - Infrastructure & Legal Prep Needed"
"Nigeria",0.504047215830608,2,"12, 13",NA,NA,"-",0,"Tier 3 - Infrastructure & Legal Prep Needed"
"Georgia",0.608479573588428,1.5,"13",NA,NA,"-",0,"Tier 3 - Infrastructure & Legal Prep Needed"
"Zimbabwe",0.460291967501604,2,NA,NA,"10","-",0,"Tier 3 - Infrastructure & Legal Prep Needed"
"Somalia",0.265143597718453,NA,"13",NA,NA,"-",0,"Tier 3 - Infrastructure & Legal Prep Needed"
"Congo, Democratic Republic of",NA,0.5,"18","1",NA,"Yes",1,"Tier 3 - Infrastructure & Legal Prep Needed"
"India",0.940032733548006,2.5,NA,NA,NA,"-",0,"Tier 3 - Infrastructure & Legal Prep Needed"
"Uzbekistan",0.813440287252948,NA,"9","1","1, 2","-",0,"Tier 3 - Infrastructure & Legal Prep Needed"
"Argentina",0.759498291857965,3,"4","0","3","-",0,"Tier 3 - Infrastructure & Legal Prep Needed"
"Mozambique",0.353283612037892,2.5,NA,NA,NA,"-",0,"Tier 3 - Infrastructure & Legal Prep Needed"
"Mongolia",0.906783067483494,3,"18, 19",NA,NA,"-",0,"Tier 3 - Infrastructure & Legal Prep Needed"
"Mauritania",0.187025782420844,NA,"2, 12, 13",NA,NA,"-",0,"Tier 3 - Infrastructure & Legal Prep Needed"
"Ukraine",0.767508348029816,2.5,NA,NA,NA,"-",0,"Tier 3 - Infrastructure & Legal Prep Needed"
"Panama",0.83409230466766,1,NA,NA,"1","-",0,"Tier 3 - Infrastructure & Legal Prep Needed"
"Eastern and Southern Africa",NA,NA,NA,"2",NA,"Yes",1,"Tier 3 - Infrastructure & Legal Prep Needed"
"Jordan",0.828587100420639,NA,NA,"2, 3",NA,"Yes",1,"Tier 3 - Infrastructure & Legal Prep Needed"
"Brazil",0.97496842161627,NA,NA,NA,"4","-",0,"Tier 3 - Infrastructure & Legal Prep Needed"
"Timor-Leste",0.335003754770471,2,NA,NA,NA,"-",0,"Tier 3 - Infrastructure & Legal Prep Needed"
"Kenya",0.745010366288012,NA,NA,NA,"2","Yes",1,"Tier 3 - Infrastructure & Legal Prep Needed"
"Thailand",0.87947529880166,3,NA,NA,NA,"-",0,"Tier 3 - Infrastructure & Legal Prep Needed"
"Marshall Islands",0.0696954615423355,NA,NA,NA,NA,"Yes",1,"Tier 3 - Infrastructure & Legal Prep Needed"
"Argentina",0.759498291857965,1,"2, 11, 12, 13",NA,"1, 2, 3","-",0,"Tier 3 - Infrastructure & Legal Prep Needed"
"Sierra Leone",0.318908909729313,NA,NA,"2","1","Yes",1,"Tier 3 - Infrastructure & Legal Prep Needed"
"Albania",0.752083775856352,NA,"7","5","3, 4, 7, 8, 9","Yes",1,"Tier 3 - Infrastructure & Legal Prep Needed"
"Peru",0.878696040895879,NA,NA,NA,NA,"Yes",1,"Tier 3 - Infrastructure & Legal Prep Needed"
"Djibouti",0.273950297290625,3,NA,NA,NA,"-",0,"Tier 3 - Infrastructure & Legal Prep Needed"
"Peru",0.878696040895879,2,NA,NA,NA,"-",0,"Tier 3 - Infrastructure & Legal Prep Needed"
"Egypt, Arab Republic of",NA,2,NA,NA,NA,"-",0,"Tier 3 - Infrastructure & Legal Prep Needed"
"Argentina",0.759498291857965,NA,NA,NA,NA,"-",0,"Tier 3 - Infrastructure & Legal Prep Needed"
"Gambia, The",NA,4,NA,NA,NA,"-",0,"Tier 3 - Infrastructure & Legal Prep Needed"
"Bolivia",0.531212648655138,NA,NA,NA,NA,"-",0,"Tier 3 - Infrastructure & Legal Prep Needed"
"Bosnia and Herzegovina",0.271207474932675,NA,NA,NA,NA,"Yes",1,"Tier 3 - Infrastructure & Legal Prep Needed"
"Montenegro",0.564149547964339,2,NA,NA,NA,"-",0,"Tier 3 - Infrastructure & Legal Prep Needed"
"Gabon",0.136932370072473,NA,NA,NA,NA,"Yes",1,"Tier 3 - Infrastructure & Legal Prep Needed"
"Argentina",0.759498291857965,2.5,"15",NA,NA,"-",0,"Tier 3 - Infrastructure & Legal Prep Needed"
"Congo, Democratic Republic of",NA,2,NA,NA,NA,"-",0,"Tier 3 - Infrastructure & Legal Prep Needed"
"Cambodia",0.583949525041982,NA,NA,NA,NA,"-",0,"Tier 3 - Infrastructure & Legal Prep Needed"
"Cambodia",0.583949525041982,2.5,NA,NA,NA,"-",0,"Tier 3 - Infrastructure & Legal Prep Needed"
"Albania",0.752083775856352,0.5,NA,NA,NA,"-",0,"Tier 3 - Infrastructure & Legal Prep Needed"
"Central African Republic",0.170988886735875,2,NA,NA,NA,"-",0,"Tier 3 - Infrastructure & Legal Prep Needed"
"China",0.664969995523549,2,NA,NA,NA,"-",0,"Tier 3 - Infrastructure & Legal Prep Needed"
"Estonia",0.955914107060088,4,NA,NA,NA,"-",0,"Tier 3 - Infrastructure & Legal Prep Needed"
"Ethiopia",0.580268218596235,1.5,NA,NA,NA,"-",0,"Tier 3 - Infrastructure & Legal Prep Needed"
"Indonesia",0.816660750584133,1,NA,NA,NA,"-",0,"Tier 3 - Infrastructure & Legal Prep Needed"
"Kazakhstan",0.817326106481765,2.5,NA,NA,NA,"-",0,"Tier 3 - Infrastructure & Legal Prep Needed"
"Senegal",0.32710013141293,0,NA,NA,NA,"-",0,"Tier 3 - Infrastructure & Legal Prep Needed"
"Solomon Islands",0.26782845043154,1.5,NA,NA,NA,"-",0,"Tier 3 - Infrastructure & Legal Prep Needed"
"Togo",0.507519084852439,1.5,NA,NA,NA,"-",0,"Tier 3 - Infrastructure & Legal Prep Needed"
"Turkiye",NA,0,NA,NA,NA,"-",0,"Tier 3 - Infrastructure & Legal Prep Needed"
"Uganda",0.858406403628386,0,NA,NA,NA,"-",0,"Tier 3 - Infrastructure & Legal Prep Needed"
"Vietnam",0.681787836069681,2.5,NA,NA,NA,"-",0,"Tier 3 - Infrastructure & Legal Prep Needed"
"Yemen, Republic of",NA,2,NA,NA,NA,"-",0,"Tier 3 - Infrastructure & Legal Prep Needed"
"Zambia",0.553708851048186,2.5,NA,NA,NA,"-",0,"Tier 3 - Infrastructure & Legal Prep Needed"
"Congo, Republic of",NA,1,NA,NA,NA,"-",0,"Tier 3 - Infrastructure & Legal Prep Needed"
"Bhutan",0.595256920486605,0.5,NA,NA,NA,"-",0,"Tier 3 - Infrastructure & Legal Prep Needed"
"Gambia, The",NA,2,NA,NA,NA,"-",0,"Tier 3 - Infrastructure & Legal Prep Needed"
"Kenya",0.745010366288012,2.5,NA,NA,NA,"-",0,"Tier 3 - Infrastructure & Legal Prep Needed"
"Lebanon",0.359039684257602,3,NA,NA,NA,"-",0,"Tier 3 - Infrastructure & Legal Prep Needed"
"Lithuania",0.918371123230167,2.5,NA,NA,NA,"-",0,"Tier 3 - Infrastructure & Legal Prep Needed"
"Nigeria",0.504047215830608,1,NA,NA,NA,"-",0,"Tier 3 - Infrastructure & Legal Prep Needed"
"Slovak Republic",0.650486620689228,2.5,NA,NA,NA,"-",0,"Tier 3 - Infrastructure & Legal Prep Needed"
"Tonga",0.322062326573106,2.5,NA,NA,NA,"-",0,"Tier 3 - Infrastructure & Legal Prep Needed"
"Venezuela, Republica Bolivariana de",NA,0,NA,NA,NA,"-",0,"Tier 3 - Infrastructure & Legal Prep Needed"
"Venezuela, Republica Bolivariana de",NA,0.5,NA,NA,NA,"-",0,"Tier 3 - Infrastructure & Legal Prep Needed"
"Jordan",0.828587100420639,3,NA,NA,NA,"-",0,"Tier 3 - Infrastructure & Legal Prep Needed"
"Turkiye",NA,3,NA,NA,NA,"-",0,"Tier 3 - Infrastructure & Legal Prep Needed"
"Bangladesh",0.844809871298527,1,NA,NA,NA,"-",0,"Tier 3 - Infrastructure & Legal Prep Needed"
"Sri Lanka",0.748944910251667,1.5,NA,NA,NA,"-",0,"Tier 3 - Infrastructure & Legal Prep Needed"
"West Bank and Gaza",0.391910611763981,3,NA,NA,NA,"-",0,"Tier 3 - Infrastructure & Legal Prep Needed"
"Slovenia",0.832138921350186,2.5,NA,NA,NA,"-",0,"Tier 3 - Infrastructure & Legal Prep Needed"
"St. Vincent and the Grenadines",0.344834064433552,1.5,NA,NA,NA,"-",0,"Tier 3 - Infrastructure & Legal Prep Needed"
"Croatia",0.76083236614908,3,NA,NA,NA,"-",0,"Tier 3 - Infrastructure & Legal Prep Needed"
"Georgia",0.608479573588428,1,NA,NA,NA,"-",0,"Tier 3 - Infrastructure & Legal Prep Needed"
"Guinea",0.147269225121775,2,NA,NA,NA,"-",0,"Tier 3 - Infrastructure & Legal Prep Needed"
"Philippines",0.732639441116019,3,NA,NA,NA,"-",0,"Tier 3 - Infrastructure & Legal Prep Needed"
"Uzbekistan",0.813440287252948,2,NA,NA,NA,"-",0,"Tier 3 - Infrastructure & Legal Prep Needed"
"Peru",0.878696040895879,3,NA,NA,NA,"-",0,"Tier 3 - Infrastructure & Legal Prep Needed"
"Indonesia",0.816660750584133,0,NA,NA,NA,"-",0,"Tier 3 - Infrastructure & Legal Prep Needed"
"Morocco",0.61316636443368,1,NA,NA,NA,"-",0,"Tier 3 - Infrastructure & Legal Prep Needed"
"Bulgaria",0.681322671641282,2,NA,NA,NA,"-",0,"Tier 3 - Infrastructure & Legal Prep Needed"
"Somalia",0.265143597718453,NA,NA,NA,NA,"-",0,"Tier 3 - Infrastructure & Legal Prep Needed"
"Ghana",0.534328332320798,NA,NA,NA,NA,"Yes",1,"Tier 3 - Infrastructure & Legal Prep Needed"
"Cambodia",0.583949525041982,0,NA,NA,NA,"-",0,"Tier 3 - Infrastructure & Legal Prep Needed"
"Ghana",0.534328332320798,0,NA,NA,NA,"-",0,"Tier 3 - Infrastructure & Legal Prep Needed"
"Burkina Faso",0.638997886323705,1.5,NA,NA,NA,"-",0,"Tier 3 - Infrastructure & Legal Prep Needed"
"Albania",0.752083775856352,2,"2, 13",NA,NA,"-",0,"Tier 3 - Infrastructure & Legal Prep Needed"
"Chad",0.179319037180824,3,NA,NA,NA,"-",0,"Tier 3 - Infrastructure & Legal Prep Needed"
"Congo, Democratic Republic of",NA,1,"13",NA,NA,"-",0,"Tier 3 - Infrastructure & Legal Prep Needed"
"Mexico",0.792193025257949,1,NA,NA,NA,"-",0,"Tier 3 - Infrastructure & Legal Prep Needed"
"Afghanistan",0.353608391825726,1,NA,NA,NA,"-",0,"Tier 3 - Infrastructure & Legal Prep Needed"
"Honduras",0.394900630935439,1.5,NA,NA,NA,"-",0,"Tier 3 - Infrastructure & Legal Prep Needed"
"Nepal",0.43904698140252,3,NA,NA,NA,"-",0,"Tier 3 - Infrastructure & Legal Prep Needed"
"Mongolia",0.906783067483494,0,"13",NA,NA,"-",0,"Tier 3 - Infrastructure & Legal Prep Needed"
"Armenia",0.721991889682482,NA,"3, 6, 7, 12","2","1, 2, 3, 6, 7, 8, 9","Yes",1,"Tier 3 - Infrastructure & Legal Prep Needed"
"Gabon",0.136932370072473,NA,"2, 3, 14","2","1, 2, 3, 4, 7, 8, 9","Yes",1,"Tier 3 - Infrastructure & Legal Prep Needed"
"Brazil",0.97496842161627,NA,"15, 16",NA,"8","Yes",1,"Tier 3 - Infrastructure & Legal Prep Needed"
"Mozambique",0.353283612037892,1,NA,NA,NA,"-",0,"Tier 3 - Infrastructure & Legal Prep Needed"
"Moldova",0.800528829957522,NA,NA,NA,NA,"-",0,"Tier 3 - Infrastructure & Legal Prep Needed"
"Tajikistan",0.308631165272955,NA,NA,NA,NA,"-",0,"Tier 3 - Infrastructure & Legal Prep Needed"
"Guinea",0.147269225121775,NA,"13",NA,NA,"-",0,"Tier 3 - Infrastructure & Legal Prep Needed"
"Uganda",0.858406403628386,0.5,NA,NA,NA,"-",0,"Tier 3 - Infrastructure & Legal Prep Needed"
"Yemen, Republic of",NA,0.5,"13",NA,NA,"-",0,"Tier 3 - Infrastructure & Legal Prep Needed"
"Kenya",0.745010366288012,0,"13",NA,NA,"-",0,"Tier 3 - Infrastructure & Legal Prep Needed"
"Niger",0.178456422452257,1,NA,NA,NA,"-",0,"Tier 3 - Infrastructure & Legal Prep Needed"
"Dominican Republic",0.867006618001943,NA,NA,NA,"1","-",0,"Tier 3 - Infrastructure & Legal Prep Needed"
"Ukraine",0.767508348029816,2,NA,NA,NA,"Yes",1,"Tier 3 - Infrastructure & Legal Prep Needed"
"Serbia",0.895237714960269,2.5,NA,NA,"1","-",0,"Tier 3 - Infrastructure & Legal Prep Needed"
"Venezuela, Republica Bolivariana de",NA,2,"18",NA,NA,"-",0,"Tier 3 - Infrastructure & Legal Prep Needed"
"Haiti",0.202317282635371,NA,NA,NA,NA,"-",0,"Tier 3 - Infrastructure & Legal Prep Needed"
"Congo, Republic of",NA,NA,NA,NA,NA,"Yes",1,"Tier 3 - Infrastructure & Legal Prep Needed"
"Malawi",0.28364580726835,NA,NA,NA,NA,"-",0,"Tier 3 - Infrastructure & Legal Prep Needed"
"Mexico",0.792193025257949,3,NA,NA,"8","Yes",1,"Tier 3 - Infrastructure & Legal Prep Needed"
"West Bank and Gaza",0.391910611763981,NA,NA,NA,NA,"-",0,"Tier 3 - Infrastructure & Legal Prep Needed"
"Gambia, The",NA,1,NA,NA,NA,"Yes",1,"Tier 3 - Infrastructure & Legal Prep Needed"
"Jordan",0.828587100420639,3,NA,NA,NA,"Yes",1,"Tier 3 - Infrastructure & Legal Prep Needed"
"Burundi",0.413537180362205,1.5,"11, 12, 13",NA,NA,"Yes",1,"Tier 3 - Infrastructure & Legal Prep Needed"
"Senegal",0.32710013141293,2,"11",NA,NA,"Yes",1,"Tier 3 - Infrastructure & Legal Prep Needed"
"Western and Central Africa",NA,2,NA,NA,"5","-",0,"Tier 3 - Infrastructure & Legal Prep Needed"
"Georgia",0.608479573588428,NA,NA,NA,NA,"Yes",1,"Tier 3 - Infrastructure & Legal Prep Needed"
"Ghana",0.534328332320798,NA,"17",NA,NA,"-",0,"Tier 3 - Infrastructure & Legal Prep Needed"
"Cabo Verde",0.822009241543575,NA,NA,NA,NA,"-",0,"Tier 3 - Infrastructure & Legal Prep Needed"
"Guinea",0.147269225121775,NA,NA,NA,NA,"-",0,"Tier 3 - Infrastructure & Legal Prep Needed"
"Egypt, Arab Republic of",NA,NA,NA,NA,"2","-",0,"Tier 3 - Infrastructure & Legal Prep Needed"
"Nigeria",0.504047215830608,NA,"14",NA,"2","-",0,"Tier 3 - Infrastructure & Legal Prep Needed"
"Jordan",0.828587100420639,NA,NA,NA,NA,"Yes",1,"Tier 3 - Infrastructure & Legal Prep Needed"
"Ghana",0.534328332320798,1,NA,NA,NA,"Yes",1,"Tier 3 - Infrastructure & Legal Prep Needed"
"Croatia",0.76083236614908,2.5,NA,NA,NA,"Yes",1,"Tier 3 - Infrastructure & Legal Prep Needed"
"Comoros",0.262320162471638,3,NA,NA,NA,"-",0,"Tier 3 - Infrastructure & Legal Prep Needed"
"Lao People's Democratic Republic",NA,1.5,NA,NA,NA,"-",0,"Tier 3 - Infrastructure & Legal Prep Needed"
"Sudan",0.221986140895381,1,NA,NA,NA,"-",0,"Tier 3 - Infrastructure & Legal Prep Needed"
"West Bank and Gaza",0.391910611763981,0,NA,NA,"1","-",0,"Tier 3 - Infrastructure & Legal Prep Needed"
"Russian Federation",0.896892633226823,2.5,NA,NA,NA,"Yes",1,"Tier 3 - Infrastructure & Legal Prep Needed"
"India",0.940032733548006,2,NA,NA,"6","-",0,"Tier 3 - Infrastructure & Legal Prep Needed"
"Yemen, Republic of",NA,0.5,NA,NA,NA,"Yes",1,"Tier 3 - Infrastructure & Legal Prep Needed"
"Chile",0.754277277708246,2.5,NA,NA,NA,"Yes",1,"Tier 3 - Infrastructure & Legal Prep Needed"
"Kazakhstan",0.817326106481765,1,NA,NA,NA,"-",0,"Tier 3 - Infrastructure & Legal Prep Needed"
"Cote d'Ivoire",NA,NA,NA,NA,NA,"Yes",1,"Tier 3 - Infrastructure & Legal Prep Needed"
"Kiribati",0.148840190639845,NA,"2, 3",NA,"1, 9","Yes",1,"Tier 3 - Infrastructure & Legal Prep Needed"
"Mali",0.404824893200479,NA,"2, 3, 7",NA,"4, 9","Yes",1,"Tier 3 - Infrastructure & Legal Prep Needed"
"Russian Federation",0.896892633226823,4,NA,NA,NA,"Yes",1,"Tier 3 - Infrastructure & Legal Prep Needed"
"Comoros",0.262320162471638,NA,NA,NA,NA,"Yes",1,"Tier 3 - Infrastructure & Legal Prep Needed"
"Caribbean",NA,2,NA,NA,"2","Yes",1,"Tier 3 - Infrastructure & Legal Prep Needed"
"Burkina Faso",0.638997886323705,NA,NA,NA,"7, 8, 9","Yes",1,"Tier 3 - Infrastructure & Legal Prep Needed"
"Romania",0.565049852646711,NA,NA,NA,NA,"Yes",1,"Tier 3 - Infrastructure & Legal Prep Needed"
"Albania",0.752083775856352,3,NA,NA,"10","-",0,"Tier 3 - Infrastructure & Legal Prep Needed"
"Afghanistan",0.353608391825726,0,"10",NA,NA,"Yes",1,"Tier 3 - Infrastructure & Legal Prep Needed"
"Uzbekistan",0.813440287252948,2,"18",NA,NA,"-",0,"Tier 3 - Infrastructure & Legal Prep Needed"
"Mozambique",0.353283612037892,NA,NA,NA,NA,"Yes",1,"Tier 3 - Infrastructure & Legal Prep Needed"
"Kenya",0.745010366288012,NA,NA,NA,NA,"Yes",1,"Tier 3 - Infrastructure & Legal Prep Needed"
"Nicaragua",0.324368283276964,NA,NA,NA,NA,"Yes",1,"Tier 3 - Infrastructure & Legal Prep Needed"
"Tonga",0.322062326573106,NA,"1, 3",NA,"0, 1","Yes",1,"Tier 3 - Infrastructure & Legal Prep Needed"
"Egypt, Arab Republic of",NA,NA,NA,NA,NA,"Yes",1,"Tier 3 - Infrastructure & Legal Prep Needed"
"Morocco",0.61316636443368,NA,NA,NA,NA,"Yes",1,"Tier 3 - Infrastructure & Legal Prep Needed"
"Egypt, Arab Republic of",NA,1,NA,NA,"1","Yes",1,"Tier 3 - Infrastructure & Legal Prep Needed"
"Sri Lanka",0.748944910251667,NA,NA,NA,NA,"Yes",1,"Tier 3 - Infrastructure & Legal Prep Needed"
"Ghana",0.534328332320798,NA,NA,NA,"3","Yes",1,"Tier 3 - Infrastructure & Legal Prep Needed"
"Kosovo",0.633123028658095,NA,NA,NA,"1, 5, 6, 8, 9","Yes",1,"Tier 3 - Infrastructure & Legal Prep Needed"
"Kiribati",0.148840190639845,NA,NA,NA,NA,"Yes",1,"Tier 3 - Infrastructure & Legal Prep Needed"
"China",0.664969995523549,3,NA,NA,NA,"Yes",1,"Tier 3 - Infrastructure & Legal Prep Needed"
"Argentina",0.759498291857965,2,"2, 3, 14",NA,"1, 2","Yes",1,"Tier 3 - Infrastructure & Legal Prep Needed"
"Ghana",0.534328332320798,3,NA,NA,NA,"-",0,"Tier 3 - Infrastructure & Legal Prep Needed"
"Kyrgyz Republic",0.57795635654284,2,NA,NA,NA,"-",0,"Tier 3 - Infrastructure & Legal Prep Needed"
"Senegal",0.32710013141293,1,NA,NA,NA,"Yes",1,"Tier 3 - Infrastructure & Legal Prep Needed"
"Sri Lanka",0.748944910251667,2.5,NA,NA,"1, 2, 3, 4, 5, 8","Yes",1,"Tier 3 - Infrastructure & Legal Prep Needed"
"Vanuatu",0.34139107898926,NA,NA,NA,"1","Yes",1,"Tier 3 - Infrastructure & Legal Prep Needed"
"Somalia",0.265143597718453,2,NA,NA,NA,"Yes",1,"Tier 3 - Infrastructure & Legal Prep Needed"
"Palau",0.201714567386308,NA,NA,NA,NA,"Yes",1,"Tier 3 - Infrastructure & Legal Prep Needed"
"Vietnam",0.681787836069681,1,"11, 17, 18",NA,"1, 2, 3, 4, 5, 8","Yes",1,"Tier 3 - Infrastructure & Legal Prep Needed"
"Tuvalu",0.105664844914659,NA,NA,NA,NA,"Yes",1,"Tier 3 - Infrastructure & Legal Prep Needed"
"Pakistan",0.534745382719011,NA,NA,NA,NA,"Yes",1,"Tier 3 - Infrastructure & Legal Prep Needed"
"Argentina",0.759498291857965,0,NA,NA,NA,"-",0,"Tier 3 - Infrastructure & Legal Prep Needed"
"Peru",0.878696040895879,NA,"16",NA,NA,"Yes",1,"Tier 3 - Infrastructure & Legal Prep Needed"
"Madagascar",0.312232893134273,NA,"2",NA,"6","Yes",1,"Tier 3 - Infrastructure & Legal Prep Needed"
"Nigeria",0.504047215830608,NA,"1, 2, 3",NA,NA,"Yes",1,"Tier 3 - Infrastructure & Legal Prep Needed"
"Afghanistan",0.353608391825726,0,"2",NA,NA,"-",0,"Tier 3 - Infrastructure & Legal Prep Needed"
"Bhutan",0.595256920486605,NA,NA,NA,NA,"-",0,"Tier 3 - Infrastructure & Legal Prep Needed"
"Sierra Leone",0.318908909729313,1,NA,NA,NA,"-",0,"Tier 3 - Infrastructure & Legal Prep Needed"
"Ethiopia",0.580268218596235,3,NA,NA,NA,"-",0,"Tier 3 - Infrastructure & Legal Prep Needed"
"Colombia",0.863804323948399,2,"12",NA,NA,"-",0,"Tier 3 - Infrastructure & Legal Prep Needed"
"Liberia",0.211093795336152,NA,NA,NA,NA,"-",0,"Tier 3 - Infrastructure & Legal Prep Needed"
"Somalia",0.265143597718453,3,NA,NA,NA,"-",0,"Tier 3 - Infrastructure & Legal Prep Needed"
"Malawi",0.28364580726835,1.5,"13",NA,NA,"Yes",1,"Tier 3 - Infrastructure & Legal Prep Needed"
"Colombia",0.863804323948399,3,"12",NA,NA,"-",0,"Tier 3 - Infrastructure & Legal Prep Needed"
"Lesotho",0.385230257412998,2,NA,"1",NA,"-",0,"Tier 3 - Infrastructure & Legal Prep Needed"
"Tajikistan",0.308631165272955,2,NA,NA,NA,"-",0,"Tier 3 - Infrastructure & Legal Prep Needed"
"Zambia",0.553708851048186,1,"13",NA,NA,"-",0,"Tier 3 - Infrastructure & Legal Prep Needed"
"Guinea",0.147269225121775,0,NA,NA,NA,"-",0,"Tier 3 - Infrastructure & Legal Prep Needed"
"Argentina",0.759498291857965,3,"13",NA,NA,"-",0,"Tier 3 - Infrastructure & Legal Prep Needed"
"Armenia",0.721991889682482,NA,NA,NA,"1, 8","-",0,"Tier 3 - Infrastructure & Legal Prep Needed"
"Mozambique",0.353283612037892,NA,NA,NA,NA,"-",0,"Tier 3 - Infrastructure & Legal Prep Needed"
"Haiti",0.202317282635371,0,NA,NA,NA,"-",0,"Tier 3 - Infrastructure & Legal Prep Needed"
"India",0.940032733548006,NA,NA,NA,"3","-",0,"Tier 3 - Infrastructure & Legal Prep Needed"
"Uzbekistan",0.813440287252948,1.5,NA,NA,NA,"-",0,"Tier 3 - Infrastructure & Legal Prep Needed"
"North Macedonia",0.570028526202096,NA,NA,"3, 5","8","Yes",1,"Tier 3 - Infrastructure & Legal Prep Needed"
"Chad",0.179319037180824,0,NA,NA,NA,"-",0,"Tier 3 - Infrastructure & Legal Prep Needed"
"Bolivia",0.531212648655138,2.5,NA,NA,NA,"-",0,"Tier 3 - Infrastructure & Legal Prep Needed"
"Rwanda",0.677835707381265,NA,NA,NA,NA,"-",0,"Tier 3 - Infrastructure & Legal Prep Needed"
"Azerbaijan",0.774728431062413,1,NA,NA,NA,"-",0,"Tier 3 - Infrastructure & Legal Prep Needed"
"Rwanda",0.677835707381265,2.5,NA,NA,"1, 2, 3, 8","Yes",1,"Tier 3 - Infrastructure & Legal Prep Needed"
"Dominican Republic",0.867006618001943,0,NA,NA,NA,"-",0,"Tier 3 - Infrastructure & Legal Prep Needed"
"Serbia",0.895237714960269,NA,"1",NA,"9","-",0,"Tier 3 - Infrastructure & Legal Prep Needed"
"Nigeria",0.504047215830608,2,"1",NA,NA,"-",0,"Tier 3 - Infrastructure & Legal Prep Needed"
"India",0.940032733548006,2,NA,"1, 2, 3","10, 11","Yes",1,"Tier 3 - Infrastructure & Legal Prep Needed"
"El Salvador",0.766863256793316,2.5,NA,NA,NA,"-",0,"Tier 3 - Infrastructure & Legal Prep Needed"
"Africa",NA,1.5,NA,NA,NA,"-",0,"Tier 3 - Infrastructure & Legal Prep Needed"
"Mozambique",0.353283612037892,2,NA,NA,NA,"-",0,"Tier 3 - Infrastructure & Legal Prep Needed"
"Malaysia",0.793014538612123,3,NA,NA,NA,"-",0,"Tier 3 - Infrastructure & Legal Prep Needed"
"Timor-Leste",0.335003754770471,1.5,NA,NA,NA,"-",0,"Tier 3 - Infrastructure & Legal Prep Needed"
"Liberia",0.211093795336152,2,NA,NA,NA,"-",0,"Tier 3 - Infrastructure & Legal Prep Needed"
"Mozambique",0.353283612037892,4,"1",NA,NA,"-",0,"Tier 3 - Infrastructure & Legal Prep Needed"
"Indonesia",0.816660750584133,0,NA,"1",NA,"Yes",1,"Tier 3 - Infrastructure & Legal Prep Needed"
"Morocco",0.61316636443368,NA,NA,"1, 2, 3",NA,"Yes",1,"Tier 3 - Infrastructure & Legal Prep Needed"
"Guinea",0.147269225121775,1,NA,NA,NA,"-",0,"Tier 3 - Infrastructure & Legal Prep Needed"
"Tanzania",0.860317002583886,2.5,NA,NA,NA,"-",0,"Tier 3 - Infrastructure & Legal Prep Needed"
"India",0.940032733548006,4,NA,NA,NA,"-",0,"Tier 3 - Infrastructure & Legal Prep Needed"
"Panama",0.83409230466766,0.5,NA,NA,NA,"-",0,"Tier 3 - Infrastructure & Legal Prep Needed"
"Argentina",0.759498291857965,3,"14",NA,NA,"-",0,"Tier 3 - Infrastructure & Legal Prep Needed"
"Croatia",0.76083236614908,0,NA,NA,NA,"-",0,"Tier 3 - Infrastructure & Legal Prep Needed"
"Benin",0.678271554197272,2.5,NA,NA,NA,"-",0,"Tier 3 - Infrastructure & Legal Prep Needed"
"Tanzania",0.860317002583886,2,"19",NA,NA,"-",0,"Tier 3 - Infrastructure & Legal Prep Needed"
"Russian Federation",0.896892633226823,2,NA,NA,NA,"-",0,"Tier 3 - Infrastructure & Legal Prep Needed"
"Nigeria",0.504047215830608,1,NA,NA,NA,"Yes",1,"Tier 3 - Infrastructure & Legal Prep Needed"
"Argentina",0.759498291857965,1,NA,NA,NA,"-",0,"Tier 3 - Infrastructure & Legal Prep Needed"
"Honduras",0.394900630935439,3,NA,NA,NA,"-",0,"Tier 3 - Infrastructure & Legal Prep Needed"
"Nepal",0.43904698140252,NA,NA,NA,"1","-",0,"Tier 3 - Infrastructure & Legal Prep Needed"
"Ghana",0.534328332320798,NA,"2, 14",NA,"2, 9","-",0,"Tier 3 - Infrastructure & Legal Prep Needed"
"Algeria",0.501913371228013,3,NA,NA,NA,"-",0,"Tier 3 - Infrastructure & Legal Prep Needed"
"Niger",0.178456422452257,NA,"14",NA,"2","-",0,"Tier 3 - Infrastructure & Legal Prep Needed"
"Honduras",0.394900630935439,1,"13","13",NA,"Yes",1,"Tier 3 - Infrastructure & Legal Prep Needed"
"Nepal",0.43904698140252,0.5,NA,NA,NA,"-",0,"Tier 3 - Infrastructure & Legal Prep Needed"
"Bangladesh",0.844809871298527,NA,NA,NA,"1","-",0,"Tier 3 - Infrastructure & Legal Prep Needed"
"Afghanistan",0.353608391825726,3,NA,NA,NA,"Yes",1,"Tier 3 - Infrastructure & Legal Prep Needed"
"Moldova",0.800528829957522,3.5,"2","2","1, 2, 3, 4, 5, 6, 8","Yes",1,"Tier 3 - Infrastructure & Legal Prep Needed"
"Madagascar",0.312232893134273,2,NA,NA,NA,"Yes",1,"Tier 3 - Infrastructure & Legal Prep Needed"
"Africa",NA,NA,NA,NA,NA,"Yes",1,"Tier 3 - Infrastructure & Legal Prep Needed"
"Sierra Leone",0.318908909729313,2.5,NA,NA,NA,"-",0,"Tier 3 - Infrastructure & Legal Prep Needed"
"Armenia",0.721991889682482,3,"12",NA,"3","-",0,"Tier 3 - Infrastructure & Legal Prep Needed"
"Tajikistan",0.308631165272955,3,NA,"1","1","Yes",1,"Tier 3 - Infrastructure & Legal Prep Needed"
"Mauritania",0.187025782420844,0.5,NA,NA,NA,"-",0,"Tier 3 - Infrastructure & Legal Prep Needed"
"Ukraine",0.767508348029816,0,NA,NA,NA,"-",0,"Tier 3 - Infrastructure & Legal Prep Needed"
"Romania",0.565049852646711,4,NA,NA,NA,"-",0,"Tier 3 - Infrastructure & Legal Prep Needed"
"Mexico",0.792193025257949,3,"14",NA,NA,"-",0,"Tier 3 - Infrastructure & Legal Prep Needed"
"Moldova",0.800528829957522,NA,"12",NA,"1","-",0,"Tier 3 - Infrastructure & Legal Prep Needed"
"Congo, Republic of",NA,NA,NA,"1","8","Yes",1,"Tier 3 - Infrastructure & Legal Prep Needed"
"Grenada",0.257080126253799,NA,"3",NA,"1","Yes",1,"Tier 3 - Infrastructure & Legal Prep Needed"
"Nepal",0.43904698140252,2,NA,NA,NA,"-",0,"Tier 3 - Infrastructure & Legal Prep Needed"
"Uzbekistan",0.813440287252948,2.5,NA,NA,NA,"-",0,"Tier 3 - Infrastructure & Legal Prep Needed"
"Yemen, Republic of",NA,NA,NA,NA,NA,"Yes",1,"Tier 3 - Infrastructure & Legal Prep Needed"
"Sri Lanka",0.748944910251667,2.5,NA,NA,NA,"-",0,"Tier 3 - Infrastructure & Legal Prep Needed"
"Argentina",0.759498291857965,3,NA,NA,NA,"-",0,"Tier 3 - Infrastructure & Legal Prep Needed"
"Malawi",0.28364580726835,2,"14",NA,NA,"-",0,"Tier 3 - Infrastructure & Legal Prep Needed"
"Malawi",0.28364580726835,2,NA,NA,NA,"Yes",1,"Tier 3 - Infrastructure & Legal Prep Needed"
"Sierra Leone",0.318908909729313,NA,NA,NA,NA,"Yes",1,"Tier 3 - Infrastructure & Legal Prep Needed"
"Bhutan",0.595256920486605,2.5,NA,NA,NA,"Yes",1,"Tier 3 - Infrastructure & Legal Prep Needed"
"Bangladesh",0.844809871298527,2.5,NA,NA,"8","Yes",1,"Tier 3 - Infrastructure & Legal Prep Needed"
"Guatemala",0.632129931722992,1.5,NA,NA,NA,"-",0,"Tier 3 - Infrastructure & Legal Prep Needed"
"Cabo Verde",0.822009241543575,2.5,NA,NA,NA,"-",0,"Tier 3 - Infrastructure & Legal Prep Needed"
"Tanzania",0.860317002583886,1,NA,NA,NA,"Yes",1,"Tier 3 - Infrastructure & Legal Prep Needed"
"Colombia",0.863804323948399,2,NA,NA,NA,"Yes",1,"Tier 3 - Infrastructure & Legal Prep Needed"
"North Macedonia",0.570028526202096,1.5,NA,NA,NA,"-",0,"Tier 3 - Infrastructure & Legal Prep Needed"
"Kazakhstan",0.817326106481765,2,"18",NA,NA,"-",0,"Tier 3 - Infrastructure & Legal Prep Needed"
"Mongolia",0.906783067483494,2,NA,NA,NA,"-",0,"Tier 3 - Infrastructure & Legal Prep Needed"
"Grenada",0.257080126253799,1.5,NA,NA,NA,"-",0,"Tier 3 - Infrastructure & Legal Prep Needed"
"Ethiopia",0.580268218596235,3,"12",NA,NA,"Yes",1,"Tier 3 - Infrastructure & Legal Prep Needed"
"Senegal",0.32710013141293,1.5,NA,NA,NA,"-",0,"Tier 3 - Infrastructure & Legal Prep Needed"
"Bulgaria",0.681322671641282,1.5,NA,NA,NA,"-",0,"Tier 3 - Infrastructure & Legal Prep Needed"
"Lao People's Democratic Republic",NA,NA,NA,NA,"1","-",0,"Tier 3 - Infrastructure & Legal Prep Needed"
"Lebanon",0.359039684257602,3,"18",NA,NA,"-",0,"Tier 3 - Infrastructure & Legal Prep Needed"
"Vietnam",0.681787836069681,NA,NA,NA,NA,"-",0,"Tier 3 - Infrastructure & Legal Prep Needed"
"Uganda",0.858406403628386,NA,"11, 18",NA,"5","Yes",1,"Tier 3 - Infrastructure & Legal Prep Needed"
"Tajikistan",0.308631165272955,3,"18",NA,NA,"-",0,"Tier 3 - Infrastructure & Legal Prep Needed"
"West Bank and Gaza",0.391910611763981,NA,"18",NA,NA,"-",0,"Tier 3 - Infrastructure & Legal Prep Needed"
"Ghana",0.534328332320798,1.5,"18",NA,NA,"-",0,"Tier 3 - Infrastructure & Legal Prep Needed"
"Guatemala",0.632129931722992,2,"18",NA,NA,"-",0,"Tier 3 - Infrastructure & Legal Prep Needed"
"Croatia",0.76083236614908,NA,NA,NA,NA,"-",0,"Tier 3 - Infrastructure & Legal Prep Needed"
"Honduras",0.394900630935439,2,"18",NA,NA,"-",0,"Tier 3 - Infrastructure & Legal Prep Needed"
"Moldova",0.800528829957522,NA,"18",NA,NA,"-",0,"Tier 3 - Infrastructure & Legal Prep Needed"
"Turkiye",NA,NA,"18",NA,NA,"Yes",1,"Tier 3 - Infrastructure & Legal Prep Needed"
"Azerbaijan",0.774728431062413,3,NA,NA,NA,"-",0,"Tier 3 - Infrastructure & Legal Prep Needed"
"Guatemala",0.632129931722992,1,NA,NA,NA,"-",0,"Tier 3 - Infrastructure & Legal Prep Needed"
"Indonesia",0.816660750584133,0.5,NA,NA,NA,"-",0,"Tier 3 - Infrastructure & Legal Prep Needed"
"Lao People's Democratic Republic",NA,1,"18",NA,NA,"-",0,"Tier 3 - Infrastructure & Legal Prep Needed"
"Russian Federation",0.896892633226823,3,"18",NA,NA,"-",0,"Tier 3 - Infrastructure & Legal Prep Needed"
"Slovenia",0.832138921350186,3,NA,NA,NA,"-",0,"Tier 3 - Infrastructure & Legal Prep Needed"
"Liberia",0.211093795336152,3,NA,NA,NA,"-",0,"Tier 3 - Infrastructure & Legal Prep Needed"
"Burundi",0.413537180362205,NA,NA,NA,"4","Yes",1,"Tier 3 - Infrastructure & Legal Prep Needed"
"Guinea",0.147269225121775,3,NA,NA,NA,"-",0,"Tier 3 - Infrastructure & Legal Prep Needed"
"Tajikistan",0.308631165272955,3,NA,NA,NA,"-",0,"Tier 3 - Infrastructure & Legal Prep Needed"
"Argentina",0.759498291857965,NA,NA,NA,NA,"Yes",1,"Tier 3 - Infrastructure & Legal Prep Needed"
"Eastern and Southern Africa",NA,1,NA,NA,"7, 8, 10","Yes",1,"Tier 3 - Infrastructure & Legal Prep Needed"
"Indonesia",0.816660750584133,NA,NA,NA,"1","Yes",1,"Tier 3 - Infrastructure & Legal Prep Needed"
"Argentina",0.759498291857965,NA,NA,NA,"10","Yes",1,"Tier 3 - Infrastructure & Legal Prep Needed"
"Uganda",0.858406403628386,1.5,NA,NA,NA,"-",0,"Tier 3 - Infrastructure & Legal Prep Needed"
"China",0.664969995523549,3.5,NA,NA,NA,"-",0,"Tier 3 - Infrastructure & Legal Prep Needed"
"Mexico",0.792193025257949,2.5,NA,NA,NA,"-",0,"Tier 3 - Infrastructure & Legal Prep Needed"
"Malawi",0.28364580726835,2.5,NA,NA,NA,"-",0,"Tier 3 - Infrastructure & Legal Prep Needed"
"Ukraine",0.767508348029816,3,NA,NA,NA,"-",0,"Tier 3 - Infrastructure & Legal Prep Needed"
"Brazil",0.97496842161627,1.5,NA,NA,NA,"-",0,"Tier 3 - Infrastructure & Legal Prep Needed"
"Jordan",0.828587100420639,1,NA,NA,NA,"-",0,"Tier 3 - Infrastructure & Legal Prep Needed"
"Argentina",0.759498291857965,2,NA,NA,NA,"-",0,"Tier 3 - Infrastructure & Legal Prep Needed"
"Lesotho",0.385230257412998,NA,NA,NA,NA,"-",0,"Tier 3 - Infrastructure & Legal Prep Needed"
"Caribbean",NA,3,NA,NA,"6","-",0,"Tier 3 - Infrastructure & Legal Prep Needed"
"Vietnam",0.681787836069681,NA,NA,NA,"1","Yes",1,"Tier 3 - Infrastructure & Legal Prep Needed"
"Kyrgyz Republic",0.57795635654284,0.5,NA,NA,NA,"-",0,"Tier 3 - Infrastructure & Legal Prep Needed"
"Ghana",0.534328332320798,3,NA,NA,NA,"Yes",1,"Tier 3 - Infrastructure & Legal Prep Needed"
"Kyrgyz Republic",0.57795635654284,1.5,"14",NA,NA,"-",0,"Tier 3 - Infrastructure & Legal Prep Needed"
"Ghana",0.534328332320798,NA,"2, 3","1, 2","1, 2, 3, 4, 5, 6, 8","Yes",1,"Tier 3 - Infrastructure & Legal Prep Needed"
"Tajikistan",0.308631165272955,NA,"16",NA,NA,"Yes",1,"Tier 3 - Infrastructure & Legal Prep Needed"
"Burkina Faso",0.638997886323705,2,NA,NA,NA,"-",0,"Tier 3 - Infrastructure & Legal Prep Needed"
"Gambia, The",NA,2,"11, 12",NA,NA,"-",0,"Tier 3 - Infrastructure & Legal Prep Needed"
"Benin",0.678271554197272,2.5,"11","1","5","-",0,"Tier 3 - Infrastructure & Legal Prep Needed"
"Colombia",0.863804323948399,NA,NA,NA,NA,"-",0,"Tier 3 - Infrastructure & Legal Prep Needed"
"Bangladesh",0.844809871298527,1,"2, 3, 7, 9",NA,NA,"-",0,"Tier 3 - Infrastructure & Legal Prep Needed"
"Eastern and Southern Africa",NA,1,NA,"1","5","Yes",1,"Tier 3 - Infrastructure & Legal Prep Needed"
"Eastern and Southern Africa",NA,NA,"3","1","3","Yes",1,"Tier 3 - Infrastructure & Legal Prep Needed"
"Timor-Leste",0.335003754770471,NA,NA,NA,NA,"Yes",1,"Tier 3 - Infrastructure & Legal Prep Needed"
"Belarus",0.406655371926127,NA,NA,NA,NA,"Yes",1,"Tier 3 - Infrastructure & Legal Prep Needed"
"Panama",0.83409230466766,NA,NA,"2, 4","9","-",0,"Tier 3 - Infrastructure & Legal Prep Needed"
"Kyrgyz Republic",0.57795635654284,4,NA,"2",NA,"-",0,"Tier 3 - Infrastructure & Legal Prep Needed"
"Serbia",0.895237714960269,NA,NA,"2",NA,"-",0,"Tier 3 - Infrastructure & Legal Prep Needed"
"Tajikistan",0.308631165272955,NA,NA,"2","9","Yes",1,"Tier 3 - Infrastructure & Legal Prep Needed"
"Africa",NA,2.5,"2, 11, 18","1, 2","1, 2, 3, 4, 5, 6, 8","Yes",1,"Tier 3 - Infrastructure & Legal Prep Needed"
"Brazil",0.97496842161627,2,"11, 18, 19","1, 2, 3","1, 5, 8","Yes",1,"Tier 3 - Infrastructure & Legal Prep Needed"
"Eastern and Southern Africa",NA,3,NA,NA,NA,"Yes",1,"Tier 3 - Infrastructure & Legal Prep Needed"
"Indonesia",0.816660750584133,1.5,NA,"2",NA,"-",0,"Tier 3 - Infrastructure & Legal Prep Needed"
"Turkmenistan",0.124795818281183,NA,NA,NA,NA,"-",0,"Tier 3 - Infrastructure & Legal Prep Needed"
"Senegal",0.32710013141293,NA,"14",NA,"8","-",0,"Tier 3 - Infrastructure & Legal Prep Needed"
"Benin",0.678271554197272,NA,"14",NA,"4, 10","-",0,"Tier 3 - Infrastructure & Legal Prep Needed"
"Afghanistan",0.353608391825726,0,NA,NA,NA,"-",0,"Tier 3 - Infrastructure & Legal Prep Needed"
"Brazil",0.97496842161627,NA,"2, 14",NA,NA,"Yes",1,"Tier 3 - Infrastructure & Legal Prep Needed"
"Iraq",0.207913950317101,NA,NA,NA,"2","-",0,"Tier 3 - Infrastructure & Legal Prep Needed"
"Somalia",0.265143597718453,2,NA,NA,NA,"-",0,"Tier 3 - Infrastructure & Legal Prep Needed"
"Lebanon",0.359039684257602,2,NA,NA,"1","-",0,"Tier 3 - Infrastructure & Legal Prep Needed"
"Kosovo",0.633123028658095,2,NA,NA,NA,"Yes",1,"Tier 3 - Infrastructure & Legal Prep Needed"
"Central African Republic",0.170988886735875,3,NA,NA,NA,"-",0,"Tier 3 - Infrastructure & Legal Prep Needed"
"Maldives",0.405788376350469,2,NA,NA,NA,"-",0,"Tier 3 - Infrastructure & Legal Prep Needed"
"Mali",0.404824893200479,2.5,NA,NA,NA,"-",0,"Tier 3 - Infrastructure & Legal Prep Needed"
"Belarus",0.406655371926127,2,NA,"2",NA,"-",0,"Tier 3 - Infrastructure & Legal Prep Needed"
"Madagascar",0.312232893134273,1,NA,NA,NA,"-",0,"Tier 3 - Infrastructure & Legal Prep Needed"
"Congo, Democratic Republic of",NA,2.5,"13",NA,NA,"-",0,"Tier 3 - Infrastructure & Legal Prep Needed"
"Mauritania",0.187025782420844,2.5,"11, 12, 13",NA,NA,"-",0,"Tier 3 - Infrastructure & Legal Prep Needed"
"Comoros",0.262320162471638,0,NA,NA,NA,"-",0,"Tier 3 - Infrastructure & Legal Prep Needed"
"Nigeria",0.504047215830608,3,"12, 13",NA,NA,"-",0,"Tier 3 - Infrastructure & Legal Prep Needed"
"Tajikistan",0.308631165272955,NA,NA,NA,"3","-",0,"Tier 3 - Infrastructure & Legal Prep Needed"
"Liberia",0.211093795336152,1,"13",NA,NA,"-",0,"Tier 3 - Infrastructure & Legal Prep Needed"
"El Salvador",0.766863256793316,0,"12, 13",NA,NA,"-",0,"Tier 3 - Infrastructure & Legal Prep Needed"
"Somalia",0.265143597718453,NA,"6",NA,NA,"-",0,"Tier 3 - Infrastructure & Legal Prep Needed"
"Senegal",0.32710013141293,NA,NA,NA,NA,"Yes",1,"Tier 3 - Infrastructure & Legal Prep Needed"
"Congo, Democratic Republic of",NA,2.5,NA,NA,NA,"-",0,"Tier 3 - Infrastructure & Legal Prep Needed"
"Somalia",0.265143597718453,NA,NA,NA,"4, 8","Yes",1,"Tier 3 - Infrastructure & Legal Prep Needed"
"South Sudan",0.130989626728085,NA,NA,NA,NA,"Yes",1,"Tier 3 - Infrastructure & Legal Prep Needed"
"Myanmar",0.21965663202105,NA,NA,NA,NA,"Yes",1,"Tier 3 - Infrastructure & Legal Prep Needed"
"Ethiopia",0.580268218596235,2.5,NA,NA,NA,"Yes",1,"Tier 3 - Infrastructure & Legal Prep Needed"
"Pakistan",0.534745382719011,3,"18",NA,"3","-",0,"Tier 3 - Infrastructure & Legal Prep Needed"
"Peru",0.878696040895879,2,"18",NA,NA,"-",0,"Tier 3 - Infrastructure & Legal Prep Needed"
"Jamaica",0.540806773115861,3,"13",NA,NA,"-",0,"Tier 3 - Infrastructure & Legal Prep Needed"
"Turkiye",NA,1.5,NA,NA,NA,"-",0,"Tier 3 - Infrastructure & Legal Prep Needed"
"Turkiye",NA,0.5,NA,NA,NA,"-",0,"Tier 3 - Infrastructure & Legal Prep Needed"
"Papua New Guinea",0.46490589034258,1,NA,NA,NA,"-",0,"Tier 3 - Infrastructure & Legal Prep Needed"
"Morocco",0.61316636443368,NA,"11",NA,NA,"-",0,"Tier 3 - Infrastructure & Legal Prep Needed"
"Eastern and Southern Africa",NA,NA,NA,NA,NA,"-",0,"Tier 3 - Infrastructure & Legal Prep Needed"
"Nicaragua",0.324368283276964,2,NA,NA,NA,"-",0,"Tier 3 - Infrastructure & Legal Prep Needed"
"Lebanon",0.359039684257602,0,NA,NA,NA,"-",0,"Tier 3 - Infrastructure & Legal Prep Needed"
"Azerbaijan",0.774728431062413,2,NA,"1, 2",NA,"-",0,"Tier 3 - Infrastructure & Legal Prep Needed"
"Niger",0.178456422452257,NA,NA,NA,NA,"-",0,"Tier 3 - Infrastructure & Legal Prep Needed"
"Angola",0.446879081262799,NA,"15",NA,NA,"-",0,"Tier 3 - Infrastructure & Legal Prep Needed"
"Burkina Faso",0.638997886323705,NA,"15",NA,"4","-",0,"Tier 3 - Infrastructure & Legal Prep Needed"
"Zambia",0.553708851048186,NA,NA,NA,"10","Yes",1,"Tier 3 - Infrastructure & Legal Prep Needed"
"Madagascar",0.312232893134273,0.5,NA,NA,NA,"-",0,"Tier 3 - Infrastructure & Legal Prep Needed"
"Serbia",0.895237714960269,NA,NA,NA,NA,"Yes",1,"Tier 3 - Infrastructure & Legal Prep Needed"
"Benin",0.678271554197272,2,NA,NA,NA,"-",0,"Tier 3 - Infrastructure & Legal Prep Needed"
"Brazil",0.97496842161627,NA,NA,NA,NA,"-",0,"Tier 3 - Infrastructure & Legal Prep Needed"
"Costa Rica",0.511716826614867,NA,"12",NA,"2, 4","-",0,"Tier 3 - Infrastructure & Legal Prep Needed"
"Honduras",0.394900630935439,1.5,"13",NA,NA,"-",0,"Tier 3 - Infrastructure & Legal Prep Needed"
"Burkina Faso",0.638997886323705,2.5,NA,"2","1, 2","-",0,"Tier 3 - Infrastructure & Legal Prep Needed"
"West Bank and Gaza",0.391910611763981,1,NA,NA,NA,"-",0,"Tier 3 - Infrastructure & Legal Prep Needed"
"China",0.664969995523549,2.5,NA,NA,NA,"-",0,"Tier 3 - Infrastructure & Legal Prep Needed"
"Serbia",0.895237714960269,NA,"11",NA,NA,"-",0,"Tier 3 - Infrastructure & Legal Prep Needed"
"Azerbaijan",0.774728431062413,2,"18",NA,NA,"-",0,"Tier 3 - Infrastructure & Legal Prep Needed"
"Kosovo",0.633123028658095,3,"18",NA,NA,"-",0,"Tier 3 - Infrastructure & Legal Prep Needed"
"Iran, Islamic Republic of",NA,1,NA,NA,NA,"-",0,"Tier 3 - Infrastructure & Legal Prep Needed"
"South Sudan",0.130989626728085,2,NA,NA,NA,"-",0,"Tier 3 - Infrastructure & Legal Prep Needed"
"North Macedonia",0.570028526202096,4,"18",NA,NA,"-",0,"Tier 3 - Infrastructure & Legal Prep Needed"
"Chad",0.179319037180824,NA,"8",NA,NA,"-",0,"Tier 3 - Infrastructure & Legal Prep Needed"
"Lao People's Democratic Republic",NA,1,NA,NA,NA,"-",0,"Tier 3 - Infrastructure & Legal Prep Needed"
"Cambodia",0.583949525041982,3,NA,NA,NA,"-",0,"Tier 3 - Infrastructure & Legal Prep Needed"
"Chile",0.754277277708246,4,"12",NA,NA,"-",0,"Tier 3 - Infrastructure & Legal Prep Needed"
"Congo, Republic of",NA,NA,"13",NA,NA,"-",0,"Tier 3 - Infrastructure & Legal Prep Needed"
"Burundi",0.413537180362205,2,NA,"3","1, 2","-",0,"Tier 3 - Infrastructure & Legal Prep Needed"
"Pakistan",0.534745382719011,1,"12",NA,NA,"-",0,"Tier 3 - Infrastructure & Legal Prep Needed"
"Gambia, The",NA,2.5,NA,NA,NA,"-",0,"Tier 3 - Infrastructure & Legal Prep Needed"
"Africa",NA,2,NA,NA,NA,"-",0,"Tier 3 - Infrastructure & Legal Prep Needed"
"Sri Lanka",0.748944910251667,2,NA,NA,NA,"-",0,"Tier 3 - Infrastructure & Legal Prep Needed"
"Zambia",0.553708851048186,1.5,NA,NA,NA,"-",0,"Tier 3 - Infrastructure & Legal Prep Needed"
"Chile",0.754277277708246,3,NA,NA,NA,"Yes",1,"Tier 3 - Infrastructure & Legal Prep Needed"
"Comoros",0.262320162471638,NA,NA,NA,NA,"-",0,"Tier 3 - Infrastructure & Legal Prep Needed"
"Lesotho",0.385230257412998,3,NA,NA,NA,"-",0,"Tier 3 - Infrastructure & Legal Prep Needed"
"Liberia",0.211093795336152,NA,"2",NA,NA,"-",0,"Tier 3 - Infrastructure & Legal Prep Needed"
"Sudan",0.221986140895381,NA,NA,NA,NA,"-",0,"Tier 3 - Infrastructure & Legal Prep Needed"
"Benin",0.678271554197272,3,NA,NA,NA,"Yes",1,"Tier 3 - Infrastructure & Legal Prep Needed"
"Georgia",0.608479573588428,NA,NA,NA,"2","Yes",1,"Tier 3 - Infrastructure & Legal Prep Needed"
"North Macedonia",0.570028526202096,NA,NA,NA,NA,"Yes",1,"Tier 3 - Infrastructure & Legal Prep Needed"
"Mozambique",0.353283612037892,NA,"2",NA,"8","Yes",1,"Tier 3 - Infrastructure & Legal Prep Needed"
"Kenya",0.745010366288012,NA,NA,NA,"10","-",0,"Tier 3 - Infrastructure & Legal Prep Needed"
"Benin",0.678271554197272,NA,"15",NA,NA,"-",0,"Tier 3 - Infrastructure & Legal Prep Needed"
"Ecuador",0.86258448423856,1,NA,NA,NA,"Yes",1,"Tier 3 - Infrastructure & Legal Prep Needed"
"Cambodia",0.583949525041982,NA,NA,NA,"2","-",0,"Tier 3 - Infrastructure & Legal Prep Needed"
"Kazakhstan",0.817326106481765,2,NA,NA,NA,"-",0,"Tier 3 - Infrastructure & Legal Prep Needed"
"Nepal",0.43904698140252,NA,NA,NA,"9, 12","-",0,"Tier 3 - Infrastructure & Legal Prep Needed"
"Madagascar",0.312232893134273,NA,NA,NA,NA,"Yes",1,"Tier 3 - Infrastructure & Legal Prep Needed"
"Philippines",0.732639441116019,4,"18","1",NA,"-",0,"Tier 3 - Infrastructure & Legal Prep Needed"
"Lao People's Democratic Republic",NA,NA,NA,NA,"9","-",0,"Tier 3 - Infrastructure & Legal Prep Needed"
"Kenya",0.745010366288012,NA,"14",NA,NA,"-",0,"Tier 3 - Infrastructure & Legal Prep Needed"
"Tanzania",0.860317002583886,3,"14",NA,NA,"-",0,"Tier 3 - Infrastructure & Legal Prep Needed"
"Azerbaijan",0.774728431062413,2,NA,NA,NA,"-",0,"Tier 3 - Infrastructure & Legal Prep Needed"
"Vietnam",0.681787836069681,NA,NA,NA,NA,"Yes",1,"Tier 3 - Infrastructure & Legal Prep Needed"
"Ghana",0.534328332320798,1.5,NA,NA,NA,"-",0,"Tier 3 - Infrastructure & Legal Prep Needed"
"Yemen, Republic of",NA,3.5,NA,NA,NA,"-",0,"Tier 3 - Infrastructure & Legal Prep Needed"
"Serbia",0.895237714960269,3,NA,NA,NA,"Yes",1,"Tier 3 - Infrastructure & Legal Prep Needed"
"Eritrea",0.0493876979054564,3,"10",NA,NA,"-",0,"Tier 3 - Infrastructure & Legal Prep Needed"
"Bolivia",0.531212648655138,3,NA,NA,NA,"-",0,"Tier 3 - Infrastructure & Legal Prep Needed"
"Uzbekistan",0.813440287252948,3,NA,NA,NA,"-",0,"Tier 3 - Infrastructure & Legal Prep Needed"
"Rwanda",0.677835707381265,3,"15",NA,"3","-",0,"Tier 3 - Infrastructure & Legal Prep Needed"
"India",0.940032733548006,NA,"14",NA,NA,"-",0,"Tier 3 - Infrastructure & Legal Prep Needed"
"Philippines",0.732639441116019,1.5,"18",NA,NA,"-",0,"Tier 3 - Infrastructure & Legal Prep Needed"
"Lebanon",0.359039684257602,0.5,NA,NA,NA,"-",0,"Tier 3 - Infrastructure & Legal Prep Needed"
"Brazil",0.97496842161627,1.5,"18","1, 3",NA,"Yes",1,"Tier 3 - Infrastructure & Legal Prep Needed"
"Timor-Leste",0.335003754770471,1,NA,NA,NA,"-",0,"Tier 3 - Infrastructure & Legal Prep Needed"
"Tajikistan",0.308631165272955,3,"5, 11, 18",NA,"5","Yes",1,"Tier 3 - Infrastructure & Legal Prep Needed"
"Guinea",0.147269225121775,2,"14",NA,NA,"-",0,"Tier 3 - Infrastructure & Legal Prep Needed"
"Lao People's Democratic Republic",NA,1,"14",NA,NA,"-",0,"Tier 3 - Infrastructure & Legal Prep Needed"
"Egypt, Arab Republic of",NA,3,NA,NA,NA,"-",0,"Tier 3 - Infrastructure & Legal Prep Needed"
"India",0.940032733548006,2,NA,"1",NA,"-",0,"Tier 3 - Infrastructure & Legal Prep Needed"
"Tunisia",0.688200083638771,2,"14",NA,NA,"-",0,"Tier 3 - Infrastructure & Legal Prep Needed"
"Fiji",0.574332704532347,3,NA,NA,NA,"Yes",1,"Tier 3 - Infrastructure & Legal Prep Needed"
"Rwanda",0.677835707381265,2,NA,NA,NA,"-",0,"Tier 3 - Infrastructure & Legal Prep Needed"
"Mongolia",0.906783067483494,NA,"18",NA,NA,"Yes",1,"Tier 3 - Infrastructure & Legal Prep Needed"
"Liberia",0.211093795336152,3,"13",NA,NA,"-",0,"Tier 3 - Infrastructure & Legal Prep Needed"
"Pakistan",0.534745382719011,0,NA,NA,NA,"-",0,"Tier 3 - Infrastructure & Legal Prep Needed"
"Ecuador",0.86258448423856,2.5,"13",NA,NA,"-",0,"Tier 3 - Infrastructure & Legal Prep Needed"
"Burkina Faso",0.638997886323705,2.5,"13",NA,NA,"-",0,"Tier 3 - Infrastructure & Legal Prep Needed"
"Nicaragua",0.324368283276964,2.5,"13",NA,NA,"-",0,"Tier 3 - Infrastructure & Legal Prep Needed"
"Guatemala",0.632129931722992,3,"13",NA,NA,"-",0,"Tier 3 - Infrastructure & Legal Prep Needed"
"Liberia",0.211093795336152,1,NA,NA,NA,"-",0,"Tier 3 - Infrastructure & Legal Prep Needed"
"Turkiye",NA,2.5,"11, 13",NA,NA,"-",0,"Tier 3 - Infrastructure & Legal Prep Needed"
"Brazil",0.97496842161627,2,"19",NA,NA,"-",0,"Tier 3 - Infrastructure & Legal Prep Needed"
"Ethiopia",0.580268218596235,3,NA,"0","9","-",0,"Tier 3 - Infrastructure & Legal Prep Needed"
"Pakistan",0.534745382719011,2.5,NA,NA,NA,"-",0,"Tier 3 - Infrastructure & Legal Prep Needed"
"Turkiye",NA,1,NA,NA,NA,"-",0,"Tier 3 - Infrastructure & Legal Prep Needed"
"Colombia",0.863804323948399,2,NA,NA,NA,"-",0,"Tier 3 - Infrastructure & Legal Prep Needed"
"Tanzania",0.860317002583886,3,NA,NA,NA,"-",0,"Tier 3 - Infrastructure & Legal Prep Needed"
"Argentina",0.759498291857965,3,"12, 18",NA,NA,"-",0,"Tier 3 - Infrastructure & Legal Prep Needed"
"Argentina",0.759498291857965,1.5,NA,NA,NA,"-",0,"Tier 3 - Infrastructure & Legal Prep Needed"
"Afghanistan",0.353608391825726,NA,NA,NA,"2","-",0,"Tier 3 - Infrastructure & Legal Prep Needed"
"Sierra Leone",0.318908909729313,3,NA,NA,NA,"-",0,"Tier 3 - Infrastructure & Legal Prep Needed"
"Sierra Leone",0.318908909729313,0.5,NA,NA,NA,"-",0,"Tier 3 - Infrastructure & Legal Prep Needed"
"Burkina Faso",0.638997886323705,1,NA,NA,NA,"-",0,"Tier 3 - Infrastructure & Legal Prep Needed"
"OECS Countries",NA,2,"3","3","1, 2, 3, 4","Yes",1,"Tier 3 - Infrastructure & Legal Prep Needed"
"Ghana",0.534328332320798,2.5,NA,"2","1, 2, 3, 4, 5, 8","Yes",1,"Tier 3 - Infrastructure & Legal Prep Needed"
"Kiribati",0.148840190639845,2.5,NA,NA,NA,"Yes",1,"Tier 3 - Infrastructure & Legal Prep Needed"
"Benin",0.678271554197272,2,NA,NA,"8","Yes",1,"Tier 3 - Infrastructure & Legal Prep Needed"
"Western and Central Africa",NA,1,NA,NA,NA,"Yes",1,"Tier 3 - Infrastructure & Legal Prep Needed"
"Afghanistan",0.353608391825726,1.5,NA,NA,"1, 2, 3, 6, 8","Yes",1,"Tier 3 - Infrastructure & Legal Prep Needed"
"Gabon",0.136932370072473,3,NA,NA,"1","-",0,"Tier 3 - Infrastructure & Legal Prep Needed"
"Africa",NA,3,NA,NA,NA,"Yes",1,"Tier 3 - Infrastructure & Legal Prep Needed"
"Nicaragua",0.324368283276964,3,NA,NA,NA,"Yes",1,"Tier 3 - Infrastructure & Legal Prep Needed"
"OECS Countries",NA,2.5,NA,NA,NA,"Yes",1,"Tier 3 - Infrastructure & Legal Prep Needed"
"Tunisia",0.688200083638771,2.5,NA,NA,"1, 2","Yes",1,"Tier 3 - Infrastructure & Legal Prep Needed"
"Nigeria",0.504047215830608,NA,NA,NA,NA,"Yes",1,"Tier 3 - Infrastructure & Legal Prep Needed"
"Cambodia",0.583949525041982,1,NA,NA,NA,"-",0,"Tier 3 - Infrastructure & Legal Prep Needed"
"Chad",0.179319037180824,NA,NA,NA,NA,"-",0,"Tier 3 - Infrastructure & Legal Prep Needed"
"Philippines",0.732639441116019,2.5,NA,NA,NA,"-",0,"Tier 3 - Infrastructure & Legal Prep Needed"
"Guatemala",0.632129931722992,2,NA,NA,"3","-",0,"Tier 3 - Infrastructure & Legal Prep Needed"
"Russian Federation",0.896892633226823,2,"12",NA,"3","-",0,"Tier 3 - Infrastructure & Legal Prep Needed"
"Guinea-Bissau",0.204479275600699,0.5,NA,NA,NA,"Yes",1,"Tier 3 - Infrastructure & Legal Prep Needed"
"Brazil",0.97496842161627,2,"16",NA,NA,"-",0,"Tier 3 - Infrastructure & Legal Prep Needed"
"Indonesia",0.816660750584133,NA,"12",NA,NA,"-",0,"Tier 3 - Infrastructure & Legal Prep Needed"
"Vietnam",0.681787836069681,NA,"12",NA,NA,"Yes",1,"Tier 3 - Infrastructure & Legal Prep Needed"
"Central African Republic",0.170988886735875,NA,"1",NA,"1, 9","-",0,"Tier 3 - Infrastructure & Legal Prep Needed"
"Philippines",0.732639441116019,1,NA,NA,NA,"-",0,"Tier 3 - Infrastructure & Legal Prep Needed"
"Ghana",0.534328332320798,0,"12, 13",NA,NA,"-",0,"Tier 3 - Infrastructure & Legal Prep Needed"
"Albania",0.752083775856352,3,"12",NA,NA,"-",0,"Tier 3 - Infrastructure & Legal Prep Needed"
"Sierra Leone",0.318908909729313,2,NA,"1",NA,"-",0,"Tier 3 - Infrastructure & Legal Prep Needed"
"Malawi",0.28364580726835,2,"13",NA,NA,"-",0,"Tier 3 - Infrastructure & Legal Prep Needed"
"Montenegro",0.564149547964339,NA,"12","2",NA,"-",0,"Tier 3 - Infrastructure & Legal Prep Needed"
"Caribbean",NA,NA,NA,NA,NA,"-",0,"Tier 3 - Infrastructure & Legal Prep Needed"
"Croatia",0.76083236614908,1,"12","1",NA,"-",0,"Tier 3 - Infrastructure & Legal Prep Needed"
"Kazakhstan",0.817326106481765,1,"12",NA,NA,"-",0,"Tier 3 - Infrastructure & Legal Prep Needed"
"Ethiopia",0.580268218596235,2,"16",NA,NA,"-",0,"Tier 3 - Infrastructure & Legal Prep Needed"
"Honduras",0.394900630935439,2.5,NA,NA,NA,"-",0,"Tier 3 - Infrastructure & Legal Prep Needed"
"Peru",0.878696040895879,4,"18",NA,NA,"-",0,"Tier 3 - Infrastructure & Legal Prep Needed"
"Honduras",0.394900630935439,0,NA,NA,NA,"Yes",1,"Tier 3 - Infrastructure & Legal Prep Needed"
"Africa",NA,1.5,NA,"1","8","Yes",1,"Tier 3 - Infrastructure & Legal Prep Needed"
"Cote d'Ivoire",NA,3,NA,NA,NA,"Yes",1,"Tier 3 - Infrastructure & Legal Prep Needed"
"Albania",0.752083775856352,NA,"14",NA,NA,"Yes",1,"Tier 3 - Infrastructure & Legal Prep Needed"
"Afghanistan",0.353608391825726,0,NA,NA,"2, 4","Yes",1,"Tier 3 - Infrastructure & Legal Prep Needed"
"Western and Central Africa",NA,NA,NA,NA,"4, 7","Yes",1,"Tier 3 - Infrastructure & Legal Prep Needed"
"Uruguay",0.861315171283139,2,NA,NA,NA,"Yes",1,"Tier 3 - Infrastructure & Legal Prep Needed"
"Western and Central Africa",NA,3,NA,NA,NA,"Yes",1,"Tier 3 - Infrastructure & Legal Prep Needed"
"Malawi",0.28364580726835,1,NA,"1",NA,"-",0,"Tier 3 - Infrastructure & Legal Prep Needed"
"Russian Federation",0.896892633226823,1,NA,NA,NA,"-",0,"Tier 3 - Infrastructure & Legal Prep Needed"
"Paraguay",0.748041036713622,2,NA,NA,NA,"-",0,"Tier 3 - Infrastructure & Legal Prep Needed"
"Bulgaria",0.681322671641282,4,NA,NA,NA,"-",0,"Tier 3 - Infrastructure & Legal Prep Needed"
"Maldives",0.405788376350469,NA,"2, 3",NA,"4","Yes",1,"Tier 3 - Infrastructure & Legal Prep Needed"
"Bolivia",0.531212648655138,2,"14",NA,NA,"-",0,"Tier 3 - Infrastructure & Legal Prep Needed"
"Nepal",0.43904698140252,3,NA,NA,"5","-",0,"Tier 3 - Infrastructure & Legal Prep Needed"
"Romania",0.565049852646711,3,NA,NA,NA,"-",0,"Tier 3 - Infrastructure & Legal Prep Needed"
"Papua New Guinea",0.46490589034258,3,"2, 14",NA,"6","-",0,"Tier 3 - Infrastructure & Legal Prep Needed"
"Belarus",0.406655371926127,3,NA,NA,NA,"-",0,"Tier 3 - Infrastructure & Legal Prep Needed"
"Peru",0.878696040895879,3,"14, 18",NA,NA,"-",0,"Tier 3 - Infrastructure & Legal Prep Needed"
"Djibouti",0.273950297290625,3,"2, 14",NA,NA,"-",0,"Tier 3 - Infrastructure & Legal Prep Needed"
"Uruguay",0.861315171283139,3,"11, 14",NA,"1, 2, 3","-",0,"Tier 3 - Infrastructure & Legal Prep Needed"
"Russian Federation",0.896892633226823,1.5,NA,NA,NA,"-",0,"Tier 3 - Infrastructure & Legal Prep Needed"
"Tajikistan",0.308631165272955,3,"12",NA,NA,"-",0,"Tier 3 - Infrastructure & Legal Prep Needed"
"Antigua and Barbuda",0.347998448654382,NA,"13, 14",NA,NA,"-",0,"Tier 3 - Infrastructure & Legal Prep Needed"
"Niger",0.178456422452257,3,NA,NA,NA,"Yes",1,"Tier 3 - Infrastructure & Legal Prep Needed"
"Yemen, Republic of",NA,NA,"14",NA,NA,"-",0,"Tier 3 - Infrastructure & Legal Prep Needed"
"Dominican Republic",0.867006618001943,3,"2, 14",NA,NA,"-",0,"Tier 3 - Infrastructure & Legal Prep Needed"
"Pakistan",0.534745382719011,0,NA,NA,"1","-",0,"Tier 3 - Infrastructure & Legal Prep Needed"
"Turkiye",NA,2.5,NA,NA,NA,"-",0,"Tier 3 - Infrastructure & Legal Prep Needed"
"Lebanon",0.359039684257602,2,NA,"1",NA,"-",0,"Tier 3 - Infrastructure & Legal Prep Needed"
"Poland",0.680422613225168,1.5,NA,NA,NA,"-",0,"Tier 3 - Infrastructure & Legal Prep Needed"
"Tunisia",0.688200083638771,1,NA,NA,NA,"-",0,"Tier 3 - Infrastructure & Legal Prep Needed"
"Poland",0.680422613225168,2,NA,NA,NA,"-",0,"Tier 3 - Infrastructure & Legal Prep Needed"
"Ukraine",0.767508348029816,3.5,NA,NA,NA,"-",0,"Tier 3 - Infrastructure & Legal Prep Needed"
"Philippines",0.732639441116019,2,NA,"1",NA,"Yes",1,"Tier 3 - Infrastructure & Legal Prep Needed"
"Chad",0.179319037180824,0.5,"11",NA,"5","Yes",1,"Tier 3 - Infrastructure & Legal Prep Needed"
"Congo, Democratic Republic of",NA,2,"18",NA,NA,"-",0,"Tier 3 - Infrastructure & Legal Prep Needed"
"Ghana",0.534328332320798,2.5,NA,"1",NA,"Yes",1,"Tier 3 - Infrastructure & Legal Prep Needed"
"Mali",0.404824893200479,NA,"1, 2",NA,NA,"Yes",1,"Tier 3 - Infrastructure & Legal Prep Needed"
"Albania",0.752083775856352,2.5,"18","1, 2",NA,"-",0,"Tier 3 - Infrastructure & Legal Prep Needed"
"Bangladesh",0.844809871298527,1.5,"12",NA,NA,"-",0,"Tier 3 - Infrastructure & Legal Prep Needed"
"Nepal",0.43904698140252,NA,NA,NA,"1","Yes",1,"Tier 3 - Infrastructure & Legal Prep Needed"
"Ethiopia",0.580268218596235,2,NA,NA,NA,"-",0,"Tier 3 - Infrastructure & Legal Prep Needed"
"Latin America",NA,NA,NA,NA,NA,"Yes",1,"Tier 3 - Infrastructure & Legal Prep Needed"
"Brazil",0.97496842161627,NA,"18",NA,NA,"Yes",1,"Tier 3 - Infrastructure & Legal Prep Needed"
"Brazil",0.97496842161627,NA,NA,"1","1","Yes",1,"Tier 3 - Infrastructure & Legal Prep Needed"
